Rank,Name,Year,Publisher,Global_Sales_Millions
1,Wii Sports,2006,Nintendo,82.74
2,Super Mario Bros.,1985,Nintendo,40.24
3,Mario Kart Wii,2008,Nintendo,35.82
4,Wii Sports Resort,2009,Nintendo,33
5,Pokemon Red/Pokemon Blue,1996,Nintendo,31.37
6,Tetris,1989,Nintendo,30.26
7,New Super Mario Bros.,2006,Nintendo,30.01
8,Wii Play,2006,Nintendo,29.02
9,New Super Mario Bros. Wii,2009,Nintendo,28.62
10,Duck Hunt,1984,Nintendo,28.31
11,Nintendogs,2005,Nintendo,24.76
12,Mario Kart DS,2005,Nintendo,23.42
13,Pokemon Gold/Pokemon Silver,1999,Nintendo,23.1
14,Wii Fit,2007,Nintendo,22.72
15,Wii Fit Plus,2009,Nintendo,22
16,Kinect Adventures!,2010,Microsoft Game Studios,21.82
19,Super Mario World,1990,Nintendo,20.61
20,Brain Age: Train Your Brain in Minutes a Day,2005,Nintendo,20.22
21,Pokemon Diamond/Pokemon Pearl,2006,Nintendo,18.36
22,Super Mario Land,1989,Nintendo,18.14
23,Super Mario Bros. 3,1988,Nintendo,17.28
26,Pokemon Ruby/Pokemon Sapphire,2002,Nintendo,15.85
27,Pokemon Black/Pokemon White,2010,Nintendo,15.32
28,Brain Age 2: More Training in Minutes a Day,2005,Nintendo,15.3
29,Gran Turismo 3: A-Spec,2001,Sony Computer Entertainment,14.98
31,Pokémon Yellow: Special Pikachu Edition,1998,Nintendo,14.64
33,Pokemon X/Pokemon Y,2013,Nintendo,14.35
40,Super Smash Bros. Brawl,2008,Nintendo,13.04
42,Animal Crossing: Wild World,2005,Nintendo,12.27
43,Mario Kart 7,2011,Nintendo,12.21
44,Halo 3,2007,Microsoft Game Studios,12.14
46,Pokemon HeartGold/Pokemon SoulSilver,2009,Nintendo,11.9
47,Super Mario 64,1996,Nintendo,11.89
48,Gran Turismo 4,2004,Sony Computer Entertainment,11.66
49,Super Mario Galaxy,2007,Nintendo,11.52
50,Pokemon Omega Ruby/Pokemon Alpha Sapphire,2014,Nintendo,11.33
51,Super Mario Land 2: 6 Golden Coins,1992,Nintendo,11.18
53,Gran Turismo,1997,Sony Computer Entertainment,10.95
54,Super Mario 3D Land,2011,Nintendo,10.79
55,Gran Turismo 5,2010,Sony Computer Entertainment,10.77
58,Super Mario All-Stars,1993,Nintendo,10.55
59,Pokemon FireRed/Pokemon LeafGreen,2004,Nintendo,10.49
60,Super Mario 64,2004,Nintendo,10.42
63,Halo: Reach,2010,Microsoft Game Studios,9.88
64,Mario Kart 64,1996,Nintendo,9.87
65,New Super Mario Bros. 2,2012,Nintendo,9.82
66,Halo 4,2012,Microsoft Game Studios,9.76
67,Final Fantasy VII,1997,Sony Computer Entertainment,9.72
70,Gran Turismo 2,1999,Sony Computer Entertainment,9.49
72,Donkey Kong Country,1994,Nintendo,9.3
73,Minecraft,2013,Microsoft Game Studios,9.2
74,Animal Crossing: New Leaf,2012,Nintendo,9.09
75,Mario Party DS,2007,Nintendo,9.02
77,Super Mario Kart,1992,Nintendo,8.76
79,Wii Party,2010,Nintendo,8.49
80,Halo 2,2004,Microsoft Game Studios,8.49
81,Mario Party 8,2007,Nintendo,8.42
82,Pokemon Black 2/Pokemon White 2,2012,Nintendo,8.33
85,GoldenEye 007,1997,Nintendo,8.09
87,Final Fantasy X,2001,Sony Computer Entertainment,8.05
89,Pokémon Platinum Version,2008,Nintendo,7.84
92,Super Mario Galaxy 2,2010,Nintendo,7.69
95,The Legend of Zelda: Ocarina of Time,1998,Nintendo,7.6
96,Crash Bandicoot 2: Cortex Strikes Back,1997,Sony Computer Entertainment,7.58
97,Super Mario Bros. 2,1988,Nintendo,7.46
98,Super Smash Bros. for Wii U and 3DS,2014,Nintendo,7.45
101,The Legend of Zelda: Twilight Princess,2006,Nintendo,7.31
106,Tekken 3,1998,Sony Computer Entertainment,7.16
107,Crash Bandicoot 3: Warped,1998,Sony Computer Entertainment,7.13
108,Super Smash Bros. Melee,2001,Nintendo,7.07
109,Mario Kart 8,2014,Nintendo,6.96
111,Mario Kart: Double Dash!!,2003,Nintendo,6.95
116,Uncharted 3: Drake's Deception,2011,Sony Computer Entertainment,6.83
117,Crash Bandicoot,1996,Sony Computer Entertainment,6.82
119,Gears of War 2,2008,Microsoft Game Studios,6.76
120,Uncharted 2: Among Thieves,2009,Sony Computer Entertainment,6.73
123,Big Brain Academy,2005,Nintendo,6.67
126,Donkey Kong Country Returns,2010,Nintendo,6.59
128,The Legend of Zelda,1986,Nintendo,6.51
130,Halo: Combat Evolved,2001,Microsoft Game Studios,6.43
131,Pokémon Emerald Version,2004,Nintendo,6.41
132,Kingdom Hearts,2002,Sony Computer Entertainment,6.4
133,Pokémon Crystal Version,2000,Nintendo,6.39
134,Halo 3: ODST,2009,Microsoft Game Studios,6.36
136,Super Mario Sunshine,2002,Nintendo,6.31
140,Kinect Sports,2010,Microsoft Game Studios,6.24
141,Gears of War 3,2011,Microsoft Game Studios,6.24
142,Gears of War,2006,Microsoft Game Studios,6.11
149,LittleBigPlanet,2008,Sony Computer Entertainment,5.92
150,Dragon Quest IX: Sentinels of the Starry Skies,2009,Nintendo,5.84
153,Tekken 2,1996,Sony Computer Entertainment,5.74
156,Tetris,1988,Nintendo,5.58
158,Super Smash Bros.,1999,Nintendo,5.55
161,Forza Motorsport 3,2009,Microsoft Game Studios,5.51
163,Super Mario Advance,2001,Nintendo,5.49
164,Mario Kart: Super Circuit,2001,Nintendo,5.47
165,Super Mario World,2001,Nintendo,5.46
166,Pokemon Stadium,1999,Nintendo,5.45
169,Minecraft,2014,Sony Computer Entertainment,5.42
171,Dr. Mario,1989,Nintendo,5.34
172,Pokemon Pinball,1999,Nintendo,5.31
176,Donkey Kong 64,1999,Nintendo,5.27
178,Professor Layton and the Curious Village,2007,Nintendo,5.26
183,Super Mario Bros. 3,2003,Nintendo,5.2
184,New Super Mario Bros. U,2012,Nintendo,5.19
185,Super Mario Land 3: Wario Land,1994,Nintendo,5.19
187,The Legend of Zelda: Phantom Hourglass,2007,Nintendo,5.17
188,Donkey Kong Country 2: Diddy's Kong Quest,1995,Nintendo,5.15
189,Tomodachi Life,2013,Nintendo,5.15
192,Kirby's Dream Land,1992,Nintendo,5.13
193,Fable III,2010,Microsoft Game Studios,5.13
195,Microsoft Flight Simulator,1996,Microsoft Game Studios,5.12
201,Super Mario Bros.,1999,Nintendo,5.07
204,Super Smash Bros. for Wii U and 3DS,2014,Nintendo,5.02
206,Spyro the Dragon,1998,Sony Computer Entertainment,5
207,Link's Crossbow Training,2007,Nintendo,5
210,Pokemon Mystery Dungeon: Explorers of Time/Explorers of Darkness,2007,Nintendo,4.96
211,Uncharted: Drake's Fortune,2007,Sony Computer Entertainment,4.94
214,Diddy Kong Racing,1997,Nintendo,4.88
216,Dr. Mario,1990,Nintendo,4.85
217,God of War III,2010,Sony Computer Entertainment,4.84
221,Crash Team Racing,1999,Sony Computer Entertainment,4.79
227,Animal Crossing: City Folk,2008,Nintendo,4.68
229,Forza Motorsport 4,2011,Microsoft Game Studios,4.64
232,The Legend of Zelda: A Link to the Past,1991,Nintendo,4.61
233,The Legend of Zelda: The Wind Waker,2002,Nintendo,4.6
235,Luigi's Mansion: Dark Moon,2013,Nintendo,4.58
236,Splatoon,2015,Nintendo,4.57
237,The Last of Us,2014,Sony Computer Entertainment,4.55
244,Uncharted: The Nathan Drake Collection,2015,Sony Computer Entertainment,4.47
246,God of War,2005,Sony Computer Entertainment,4.45
247,Nintendo Land,2012,Nintendo,4.44
252,Zelda II: The Adventure of Link,1987,Nintendo,4.38
254,Resistance: Fall of Man,2006,Sony Computer Entertainment,4.35
260,Fable II,2008,Microsoft Game Studios,4.31
261,Halo 5: Guardians,2015,Microsoft Game Studios,4.26
262,Super Mario 3D World,2013,Nintendo,4.25
267,Daxter,2006,Sony Computer Entertainment,4.22
269,The Legend of Zelda: Ocarina of Time,2011,Nintendo,4.21
271,EyeToy Play,2003,Sony Computer Entertainment,4.2
272,Uncharted 4: A Thief's End,2016,Sony Computer Entertainment,4.2
273,Gran Turismo 5 Prologue,2007,Sony Computer Entertainment,4.2
278,Excitebike,1984,Nintendo,4.16
283,Super Mario World 2: Yoshi's Island,1995,Nintendo,4.12
285,The Legend of Zelda: Skyward Sword,2011,Nintendo,4.1
291,God of War II,2007,Sony Computer Entertainment,4.07
292,Forza Motorsport 2,2007,Microsoft Game Studios,4.06
294,Namco Museum Vol.3,1996,Sony Computer Entertainment,4.05
297,Star Fox 64,1997,Nintendo,4.03
299,Golf,1984,Nintendo,4.01
301,Professor Layton and the Diabolical Box,2007,Nintendo,4
306,Donkey Kong Land,1994,Nintendo,3.91
309,Monster Hunter 4 Ultimate,2014,Nintendo,3.89
310,MotorStorm,2006,Sony Computer Entertainment,3.88
314,Sports Champions,2010,Sony Computer Entertainment,3.87
317,Flash Focus: Vision Training in Minutes a Day,2007,Nintendo,3.84
318,Namco Museum Vol.1,1995,Sony Computer Entertainment,3.84
319,The Legend of Zelda: Link's Awakening,1992,Nintendo,3.83
320,Mario & Luigi: Bowser's Inside Story,2009,Nintendo,3.83
321,Big Brain Academy: Wii Degree,2007,Nintendo,3.82
322,Nintendogs + cats,2011,Nintendo,3.81
327,Ratchet & Clank: Size Matters,2007,Sony Computer Entertainment,3.77
330,Super Paper Mario,2007,Nintendo,3.76
334,Spyro: Year of the Dragon,2000,Sony Computer Entertainment,3.71
336,Pokémon Trading Card Game,1998,Nintendo,3.7
339,Friend Collection,2009,Nintendo,3.67
342,Banjo-Kazooie,1998,Nintendo,3.65
343,SOCOM: U.S. Navy SEALs,2002,Sony Computer Entertainment,3.65
345,Gran Turismo 6,2013,Sony Computer Entertainment,3.64
346,Jak and Daxter: The Precursor Legacy,2001,Sony Computer Entertainment,3.64
347,Pokemon Snap,1999,Nintendo,3.63
357,Luigi's Mansion,2001,Nintendo,3.6
362,The Getaway,2002,Sony Computer Entertainment,3.54
369,Spyro 2: Ripto's Rage!,1999,Sony Computer Entertainment,3.52
373,Donkey Kong Country 3: Dixie Kong's Double Trouble!,1996,Nintendo,3.51
375,Kung Fu,1985,Nintendo,3.5
377,Clubhouse Games,2006,Nintendo,3.5
388,LittleBigPlanet 2,2011,Sony Computer Entertainment,3.42
392,F-1 Race,1990,Nintendo,3.41
394,Crash Bash,2000,Sony Computer Entertainment,3.39
397,The Legend of Zelda: Spirit Tracks,2009,Nintendo,3.38
399,The Legend of Zelda: Majora's Mask,2000,Nintendo,3.36
400,Professor Layton and the Unwound Future,2008,Nintendo,3.36
403,English Training: Have Fun Improving Your Skills!,2006,Nintendo,3.33
405,Ratchet & Clank,2002,Sony Computer Entertainment,3.33
406,Mario Party 9,2012,Nintendo,3.32
413,Wii Music,2008,Nintendo,3.27
414,Gran Turismo (PSP),2009,Sony Computer Entertainment,3.27
416,Tekken,1995,Sony Computer Entertainment,3.24
420,Yokai Watch 2 Ganso/Honke,2014,Nintendo,3.22
422,Baseball,1983,Nintendo,3.2
423,Killer Instinct,1995,Nintendo,3.2
426,God of War: Chains of Olympus,2008,Sony Computer Entertainment,3.19
430,Super Mario Maker,2015,Nintendo,3.18
433,Rhythm Heaven,2008,Nintendo,3.17
436,Animal Crossing,2001,Nintendo,3.15
440,Halo: The Master Chief Collection,2014,Microsoft Game Studios,3.15
444,Star Wars Episode I Racer,1999,Nintendo,3.12
445,Personal Trainer: Cooking,2006,Nintendo,3.12
448,Heavy Rain,2010,Sony Computer Entertainment,3.12
455,The Legend of Zelda: A Link Between Worlds,2013,Nintendo,3.07
456,Donkey Kong,1994,Nintendo,3.07
464,Killzone 2,2009,Sony Computer Entertainment,3.02
466,Mike Tyson's Punch-Out!!,1987,Nintendo,3.02
468,Gears of War: Ultimate Edition,2015,Microsoft Game Studios,3
473,Star Fox,1993,Nintendo,2.99
477,Animal Crossing: Happy Home Designer,2015,Nintendo,2.98
482,Kirby Super Star Ultra,2008,Nintendo,2.96
485,Wave Race 64,1996,Nintendo,2.94
486,SOCOM II: U.S. Navy SEALs,2003,Sony Computer Entertainment,2.94
488,inFAMOUS,2009,Sony Computer Entertainment,2.94
490,Mass Effect,2007,Microsoft Game Studios,2.93
491,WarioWare: Smooth Moves,2006,Nintendo,2.92
493,Super Mario World 2: Yoshi's Island,2002,Nintendo,2.91
500,Hot Shots Golf 3,2001,Sony Computer Entertainment,2.89
503,Syphon Filter,1999,Sony Computer Entertainment,2.88
510,F-Zero,1990,Nintendo,2.85
511,Yoshi's Story,1997,Nintendo,2.85
520,Metroid Prime,2002,Nintendo,2.82
527,Yoshi's Island DS,2006,Nintendo,2.8
528,Hot Shots Golf,1997,Sony Computer Entertainment,2.79
529,Killzone 3,2011,Sony Computer Entertainment,2.79
530,A Bug's Life,1998,Sony Computer Entertainment,2.79
536,Professor Layton and the Last Specter,2009,Nintendo,2.79
537,Monster Hunter Tri,2011,Nintendo,2.79
538,Jak II,2003,Sony Computer Entertainment,2.78
539,inFAMOUS: Second Son,2014,Sony Computer Entertainment,2.78
540,Ratchet & Clank: Going Commando,2003,Sony Computer Entertainment,2.78
546,Mario Paint,1992,Nintendo,2.75
548,Pokémon Stadium 2,2000,Nintendo,2.73
549,Metroid,1986,Nintendo,2.73
552,The Legend of Zelda: A Link to the Past,2002,Nintendo,2.7
555,Mario Party,1998,Nintendo,2.7
559,Mario vs. Donkey Kong: Mini-Land Mayhem!,2010,Nintendo,2.69
569,Fable,2004,Microsoft Game Studios,2.66
574,Super Mario Bros.: The Lost Levels,1986,Nintendo,2.65
575,Star Wars: Shadows of the Empire,1996,Nintendo,2.65
578,Pac-Man: Adventures in Time,2006,Sony Computer Entertainment,2.63
579,Halo Wars,2009,Microsoft Game Studios,2.63
580,God of War Collection,2009,Sony Computer Entertainment,2.63
582,Mario Strikers Charged,2007,Nintendo,2.62
586,Style Savvy,2008,Nintendo,2.61
588,Super Mario All-Stars: Limited Edition,2010,Nintendo,2.6
591,Ratchet & Clank Future: Tools of Destruction,2007,Sony Computer Entertainment,2.59
593,LittleBigPlanet,2009,Sony Computer Entertainment,2.58
594,Killzone: Shadow Fall,2013,Sony Computer Entertainment,2.58
598,Ratchet & Clank: Up Your Arsenal,2004,Sony Computer Entertainment,2.57
599,Art Academy,2010,Nintendo,2.57
605,Pokémon Colosseum,2003,Nintendo,2.54
610,Perfect Dark,2000,Nintendo,2.52
616,Mario Party 2,1999,Nintendo,2.5
621,Resistance 2,2008,Sony Computer Entertainment,2.48
627,Mario Party 4,2002,Nintendo,2.47
632,Twisted Metal 2,1996,Sony Computer Entertainment,2.44
633,Halo: Combat Evolved Anniversary,2011,Microsoft Game Studios,2.44
639,Ice Hockey,1988,Nintendo,2.42
642,ATV Offroad Fury,2001,Sony Computer Entertainment,2.41
644,Minecraft,2014,Microsoft Game Studios,2.41
648,Pro Wrestling,1987,Nintendo,2.4
660,Kinect: Disneyland Adventures,2011,Microsoft Game Studios,2.38
662,Bloodborne,2015,Sony Computer Entertainment,2.38
671,Kinect Sports: Season Two,2011,Microsoft Game Studios,2.36
672,Kirby's Dream Land 2,1995,Nintendo,2.36
674,Donkey Kong Land II,1996,Nintendo,2.35
682,The Legend of Zelda: Majora's Mask 3D,2015,Nintendo,2.32
685,Mario Tennis,2000,Nintendo,2.32
688,WarioWare Touched!,2004,Nintendo,2.31
694,Pokemon Ranger: Shadows of Almia,2008,Nintendo,2.3
697,God of War: Ascension,2013,Sony Computer Entertainment,2.29
702,Mario Bros.,1983,Nintendo,2.28
707,Paper Mario: Sticker Star,2012,Nintendo,2.27
710,Kirby: Nightmare in Dream Land,2002,Nintendo,2.27
711,Wario Land 4,2001,Nintendo,2.26
718,Paper Mario: The Thousand-Year Door,2004,Nintendo,2.25
720,Monster Hunter Tri,2009,Nintendo,2.25
727,New Super Luigi U,2013,Nintendo,2.22
730,The Legend of Zelda: Link's Awakening DX,1998,Nintendo,2.22
738,Wario Land 3,2000,Nintendo,2.2
745,Kirby's Pinball Land,1992,Nintendo,2.19
746,Donkey Kong Country,2000,Nintendo,2.19
750,Forza Motorsport 5,2013,Microsoft Game Studios,2.18
752,Pokemon Ranger,2006,Nintendo,2.18
753,Mario & Luigi: Superstar Saga,2003,Nintendo,2.17
755,Star Wars: Rogue Squadron,1998,Nintendo,2.17
756,Tennis,1984,Nintendo,2.17
759,Syphon Filter 2,2000,Sony Computer Entertainment,2.15
761,Volleyball,1987,Nintendo,2.15
764,Super Mario RPG: Legend of the Seven Stars,1996,Nintendo,2.14
765,Mahjong,1983,Nintendo,2.14
766,R.C. Pro-Am,1988,Nintendo,2.14
770,Tetris DS,2006,Nintendo,2.13
775,Kirby's Epic Yarn,2010,Nintendo,2.12
776,Project Gotham Racing,2001,Microsoft Game Studios,2.12
777,Golf,1989,Nintendo,2.12
783,Mario Sports Mix,2010,Nintendo,2.11
789,Project Gotham Racing (JP weekly sales),2002,Microsoft Game Studios,2.1
805,Mario Party 5,2003,Nintendo,2.08
818,Pokemon Mystery Dungeon: Red/Blue Rescue Team,2005,Nintendo,2.06
822,Mario & Luigi: Dream Team,2013,Nintendo,2.06
826,Pokémon Mystery Dungeon: Blue Rescue Team,2005,Nintendo,2.05
830,PGR4 - Project Gotham Racing 4,2007,Microsoft Game Studios,2.05
832,Dance Central 2,2011,Microsoft Game Studios,2.04
834,SOCOM: U.S. Navy SEALs: Combined Assault,2006,Sony Computer Entertainment,2.04
836,Donkey Kong Country,2003,Nintendo,2.04
839,1080°: TenEighty Snowboarding,1998,Nintendo,2.03
845,Forza Horizon,2012,Microsoft Game Studios,2.02
849,Fire Emblem: Awakening,2012,Nintendo,2
850,DriveClub,2014,Sony Computer Entertainment,2
851,Super Street Fighter II,1993,Nintendo,2
854,Tennis,1989,Nintendo,1.99
857,SimCity,1991,Nintendo,1.98
868,Hot Shots Golf: Open Tee,2004,Sony Computer Entertainment,1.96
869,Rad Racer,1986,Nintendo,1.96
870,Soccer,1985,Nintendo,1.96
871,Kirby Squeak Squad,2006,Nintendo,1.96
882,Alleyway,1989,Nintendo,1.94
884,Jet Moto 2,1997,Sony Computer Entertainment,1.94
891,Tetris DX,1998,Nintendo,1.93
894,Mario Super Sluggers,2008,Nintendo,1.93
896,The Legend of Zelda: Oracle of Ages,2001,Nintendo,1.92
902,PaRappa The Rapper,1996,Sony Computer Entertainment,1.92
904,Mario Party 3,2000,Nintendo,1.91
913,Yokai Watch,2013,Nintendo,1.89
914,Ratchet & Clank Future: A Crack in Time,2009,Sony Computer Entertainment,1.88
917,Hot Shots Golf 2,1999,Sony Computer Entertainment,1.88
921,Star Fox Adventures,2002,Nintendo,1.87
924,Donkey Kong Country Returns,2013,Nintendo,1.87
925,The Legend of Zelda: Oracle of Seasons,2001,Nintendo,1.86
928,The Legend of Dragoon,1999,Sony Computer Entertainment,1.86
930,SingStar,2004,Sony Computer Entertainment,1.86
931,LittleBigPlanet 3,2014,Sony Computer Entertainment,1.86
936,Mario Party: Island Tour,2013,Nintendo,1.85
937,Jak 3,2004,Sony Computer Entertainment,1.85
940,Pinball,1984,Nintendo,1.85
941,inFAMOUS 2,2011,Sony Computer Entertainment,1.85
945,"Hey You, Pikachu!",1998,Nintendo,1.83
948,Jet Moto,1996,Sony Computer Entertainment,1.83
952,Air Combat,1995,Sony Computer Entertainment,1.83
953,Kirby: Triple Deluxe,2014,Nintendo,1.82
957,Metroid Prime 3: Corruption,2007,Nintendo,1.82
958,Dragon Quest VI: Realms of Revelation,2010,Nintendo,1.81
963,Sly 2: Band of Thieves,2004,Sony Computer Entertainment,1.81
971,Beyond: Two Souls,2013,Sony Computer Entertainment,1.79
972,Kinect Star Wars,2012,Microsoft Game Studios,1.78
976,The Getaway: Black Monday,2004,Sony Computer Entertainment,1.78
977,Professor Layton and the Mask of Miracle,2011,Nintendo,1.78
980,The Legend of Zelda: The Wind Waker,2013,Nintendo,1.77
983,Wii Party U,2013,Nintendo,1.77
986,Kirby 64: The Crystal Shards,2000,Nintendo,1.77
987,Dead or Alive 3,2001,Microsoft Game Studios,1.77
989,Metroid II: Return of Samus,1991,Nintendo,1.76
992,Golden Sun,2001,Nintendo,1.76
994,Kid Icarus,1986,Nintendo,1.76
1009,Crackdown,2007,Microsoft Game Studios,1.75
1010,Yoshi,1991,Nintendo,1.75
1012,Kirby's Adventure,1993,Nintendo,1.75
1020,Forza Motorsport 6,2015,Microsoft Game Studios,1.74
1022,Cruis'n USA,1996,Nintendo,1.74
1025,Uncharted: Golden Abyss,2011,Sony Computer Entertainment,1.74
1035,The Order: 1886,2015,Sony Computer Entertainment,1.72
1048,Kanshuu Nippon Joushikiryoku Kentei Kyoukai: Imasara Hito ni wa Kikenai Otona no Joushikiryoku Training DS,2006,Nintendo,1.71
1054,Personal Trainer: Math,2007,Nintendo,1.7
1055,Kirby's Return to Dreamland,2011,Nintendo,1.7
1059,SOCOM 3: U.S. Navy SEALs,2005,Sony Computer Entertainment,1.69
1063,Jampack Winter '99,1999,Sony Computer Entertainment,1.69
1076,NFL GameDay 98,1997,Sony Computer Entertainment,1.68
1078,Yoshi's Cookie,1992,Nintendo,1.68
1083,Metroid Fusion,2002,Nintendo,1.68
1095,PGR: Project Gotham Racing 2,2003,Microsoft Game Studios,1.67
1100,Heavenly Sword,2007,Sony Computer Entertainment,1.66
1109,Mario Party 6,2004,Nintendo,1.65
1110,Super Scope 6,1991,Nintendo,1.65
1115,Kirby & the Amazing Mirror,2004,Nintendo,1.64
1123,Kinectimals,2010,Microsoft Game Studios,1.64
1126,Viva Pinata,2006,Microsoft Game Studios,1.63
1127,Pikmin,2001,Nintendo,1.63
1131,Ape Escape,1999,Sony Computer Entertainment,1.63
1138,Mario Hoops 3 on 3,2006,Nintendo,1.62
1139,Kirby Air Ride,2003,Nintendo,1.62
1141,Pokemon Battle Revolution,2006,Nintendo,1.61
1143,Gears of War: Judgment,2013,Microsoft Game Studios,1.61
1144,Baseball,1989,Nintendo,1.61
1146,Super Mario Strikers,2005,Nintendo,1.61
1147,Buzz! The Music Quiz,2005,Sony Computer Entertainment,1.61
1162,The Legend of Zelda: Twilight Princess,2006,Nintendo,1.59
1163,Soul Edge,1996,Sony Computer Entertainment,1.59
1174,Jampack Summer 2K,2000,Sony Computer Entertainment,1.58
1180,Pokemon Mystery Dungeon: Explorers of Sky,2009,Nintendo,1.58
1185,Mario Party 7,2005,Nintendo,1.57
1189,Donkey Kong Classics,1988,Nintendo,1.56
1190,Twisted Metal,1995,Sony Computer Entertainment,1.56
1194,Pokemon Pinball: Ruby & Sapphire,2003,Nintendo,1.56
1209,Mario Party 10,2015,Nintendo,1.55
1210,Dead Rising 3,2013,Microsoft Game Studios,1.54
1212,Fire Emblem Fates,2015,Nintendo,1.54
1213,Dark Cloud,2000,Sony Computer Entertainment,1.54
1227,Mario Golf: Toadstool Tour,2003,Nintendo,1.53
1229,Donkey Kong Country: Tropical Freeze,2014,Nintendo,1.52
1235,F1 Race,1984,Nintendo,1.52
1254,Resistance 3,2011,Sony Computer Entertainment,1.5
1262,Ice Climber,1985,Nintendo,1.5
1269,Final Fantasy: Crystal Chronicles,2003,Nintendo,1.49
1273,Banjo-Tooie,2000,Nintendo,1.49
1274,Buzz! The BIG Quiz,2006,Sony Computer Entertainment,1.49
1277,New Play Control! Mario Power Tennis,2009,Nintendo,1.48
1280,Nintendo World Cup,1990,Nintendo,1.48
1282,Wario Land II,1997,Nintendo,1.48
1290,Mario Golf,1999,Nintendo,1.47
1298,LittleBigPlanet PS Vita,2012,Sony Computer Entertainment,1.47
1310,Mario Superstar Baseball,2005,Nintendo,1.46
1316,LEGO City Undercover,2013,Nintendo,1.46
1326,4 Nin uchi Mahjong,1984,Nintendo,1.45
1335,SingStar Pop,2007,Sony Computer Entertainment,1.44
1338,Kirby Super Star,1996,Nintendo,1.44
1341,Kinect Joy Ride,2010,Microsoft Game Studios,1.44
1353,Classic NES Series: Super Mario Bros.,2004,Nintendo,1.43
1359,The Legend of Zelda: The Minish Cap,2004,Nintendo,1.42
1362,Super Metroid,1994,Nintendo,1.42
1366,Inazuma Eleven 2,2009,Nintendo,1.42
1375,Ridge Racer,2004,Sony Computer Entertainment,1.41
1376,Metroid: Other M,2010,Nintendo,1.41
1378,Gran Turismo 4 Prologue,2003,Sony Computer Entertainment,1.41
1379,Twisted Metal: Black,2001,Sony Computer Entertainment,1.41
1384,2Xtreme,1996,Sony Computer Entertainment,1.4
1403,Paper Mario,2000,Nintendo,1.38
1404,Bravely Default: Flying Fairy,2012,Nintendo,1.38
1418,Forza Horizon 2,2014,Microsoft Game Studios,1.37
1419,MotorStorm: Pacific Rift,2008,Sony Computer Entertainment,1.37
1423,Pocket Monsters Stadium,1998,Nintendo,1.37
1428,SingStar Abba,2008,Sony Computer Entertainment,1.36
1432,Yoshi's New Island,2014,Nintendo,1.36
1433,Ryse: Son of Rome,2013,Microsoft Game Studios,1.36
1444,Alan Wake,2010,Microsoft Game Studios,1.35
1454,SingStar Party,2004,Sony Computer Entertainment,1.35
1456,The ICO & Shadow of the Colossus Collection,2011,Sony Computer Entertainment,1.35
1458,Mario & Luigi: Partners in Time,2005,Nintendo,1.34
1462,Donkey Kong Jungle Beat,2004,Nintendo,1.34
1468,Ratchet & Clank: Up Your Arsenal (Weekly american sales),2004,Sony Computer Entertainment,1.33
1478,Metroid Prime 2: Echoes,2004,Nintendo,1.33
1483,Pokemon Ranger: Guardian Signs,2010,Nintendo,1.33
1492,Gyromite,1985,Nintendo,1.32
1496,MAG: Massive Action Game,2010,Sony Computer Entertainment,1.32
1520,SingStar '80s,2005,Sony Computer Entertainment,1.3
1528,Yoshi's Woolly World,2015,Nintendo,1.29
1537,Mystery Case Files: MillionHeir,2008,Nintendo,1.29
1544,Yakuman,1989,Nintendo,1.28
1550,Kid Icarus: Uprising,2012,Nintendo,1.28
1557,Pokemon Mystery Dungeon: Gates to Infinity,2012,Nintendo,1.27
1562,Hogan's Alley,1984,Nintendo,1.27
1568,Jet Li: Rise to Honor,2004,Sony Computer Entertainment,1.27
1569,Battle Arena Toshinden,1994,Sony Computer Entertainment,1.27
1576,Hyrule Warriors,2014,Nintendo,1.26
1584,SOCOM: U.S. Navy SEALs Confrontation,2008,Sony Computer Entertainment,1.25
1593,Pokemon XD: Gale of Darkness,2005,Nintendo,1.25
1599,Ratchet: Deadlocked,2005,Sony Computer Entertainment,1.24
1603,Diddy Kong Racing DS,2007,Nintendo,1.24
1610,Tetris 2 (All region sales),1992,Nintendo,1.24
1615,Ninja Gaiden,2004,Microsoft Game Studios,1.23
1618,Disney's Tarzan / Disney's Aladdin in Nasira's Revenge / Disney's The Emperor's New Groove Action Game,2003,Sony Computer Entertainment,1.23
1622,Kirby Tilt 'n' Tumble,2000,Nintendo,1.23
1626,Donkey Kong Country 2,2004,Nintendo,1.23
1628,"WarioWare, Inc.: Mega MicroGame$",2003,Nintendo,1.23
1636,Mario Power Tennis,2004,Nintendo,1.22
1637,Intelligent Qube,1997,Sony Computer Entertainment,1.22
1638,Game & Watch Gallery 2,1997,Nintendo,1.22
1639,Game & Watch Gallery 3,1999,Nintendo,1.22
1646,Golden Sun: The Lost Age,2002,Nintendo,1.22
1654,Fuzion Frenzy,2001,Microsoft Game Studios,1.21
1657,Sly Cooper and the Thievius Raccoonus,2002,Sony Computer Entertainment,1.21
1671,Pikmin 2,2004,Nintendo,1.2
1680,SolarStriker,1989,Nintendo,1.2
1683,Mario vs. Donkey Kong 2: March of the Minis,2006,Nintendo,1.2
1684,PokéPark Wii: Pikachu's Adventure,2009,Nintendo,1.2
1689,Captain Toad: Treasure Tracker,2014,Nintendo,1.19
1696,Kobe Bryant in NBA Courtside,1998,Nintendo,1.19
1702,Final Fantasy I & II: Dawn of Souls,2004,Nintendo,1.19
1704,Pokemon Super Mystery Dungeon,2015,Nintendo,1.19
1712,Mario Tennis,2000,Nintendo,1.18
1725,Wario Land: Shake It!,2008,Nintendo,1.17
1729,Ratchet & Clank (2016),2016,Sony Computer Entertainment,1.17
1734,Rage Racer,1996,Sony Computer Entertainment,1.17
1740,Mario vs. Donkey Kong,2004,Nintendo,1.17
1748,SingStar,2007,Sony Computer Entertainment,1.16
1749,Bushido Blade,1997,Sony Computer Entertainment,1.16
1752,Jet Force Gemini,1999,Nintendo,1.16
1772,Qix,1990,Nintendo,1.15
1776,Ratchet & Clank: All 4 One,2011,Sony Computer Entertainment,1.15
1777,Donkey Konga,2003,Nintendo,1.15
1783,Pokemon Rumble Blast,2011,Nintendo,1.14
1786,Shadow of the Colossus,2005,Sony Computer Entertainment,1.14
1788,Hot Shots Golf: Out of Bounds,2007,Sony Computer Entertainment,1.14
1794,Pilotwings,1990,Nintendo,1.14
1796,Super R.C. Pro-Am,1991,Nintendo,1.14
1803,MechAssault,2002,Microsoft Game Studios,1.13
1804,ModNation Racers,2010,Sony Computer Entertainment,1.13
1808,Fantasy Life,2012,Nintendo,1.13
1811,Donkey Kong,1983,Nintendo,1.13
1812,Jampack Winter '98,1998,Sony Computer Entertainment,1.13
1816,Pokémon Mystery Dungeon: Red Rescue Team (US weekly sales),2005,Nintendo,1.13
1821,Pilotwings 64,1996,Nintendo,1.12
1822,Crackdown 2,2010,Microsoft Game Studios,1.12
1827,SOCOM: U.S. Navy SEALs Fireteam Bravo,2005,Sony Computer Entertainment,1.12
1829,Yoshi's Cookie,1992,Nintendo,1.12
1833,Counter-Strike,2003,Microsoft Game Studios,1.11
1838,Sunset Overdrive,2014,Microsoft Game Studios,1.11
1841,Donkey Kong Jr.,1983,Nintendo,1.11
1842,Arc the Lad,1995,Sony Computer Entertainment,1.11
1845,Pikmin 3,2013,Nintendo,1.11
1852,The Legend of Zelda: Tri Force Heroes,2015,Nintendo,1.1
1862,F-Zero X,1998,Nintendo,1.1
1863,Popeye,1983,Nintendo,1.1
1866,SingStar Legends,2006,Sony Computer Entertainment,1.1
1867,SingStar Rocks!,2006,Sony Computer Entertainment,1.1
1868,Tales of Symphonia,2003,Nintendo,1.1
1870,Star Ocean: The Second Story,1998,Sony Computer Entertainment,1.1
1881,Namco Museum Battle Collection,2005,Sony Computer Entertainment,1.09
1892,Endless Ocean,2007,Nintendo,1.09
1911,LEGO City Undercover,2013,Nintendo,1.08
1916,Star Fox: Assault,2005,Nintendo,1.08
1920,Doko Demo Issyo,1999,Sony Computer Entertainment,1.07
1929,Super Princess Peach,2005,Nintendo,1.07
1934,World Tour Soccer,2005,Sony Computer Entertainment,1.07
1936,Ridge Racer Revolution,1995,Sony Computer Entertainment,1.07
1964,Warhawk,2007,Sony Computer Entertainment,1.06
1968,SOCOM: U.S. Navy SEALs Fireteam Bravo 2,2006,Sony Computer Entertainment,1.05
1974,Arc the Lad II,1996,Sony Computer Entertainment,1.05
1984,Forza Motorsport,2005,Microsoft Game Studios,1.05
1987,Monster Rancher 2,1998,Sony Computer Entertainment,1.05
1988,Pokemon Conquest,2012,Nintendo,1.05
1999,Naruto: Clash of Ninja 2,2003,Nintendo,1.04
2002,F-Zero: Maximum Velocity,2001,Nintendo,1.04
2008,Kirby: Mass Attack,2011,Nintendo,1.04
2012,MotorStorm: Arctic Edge,2009,Sony Computer Entertainment,1.04
2013,WipEout Pure,2005,Sony Computer Entertainment,1.04
2043,Bayonetta 2,2014,Nintendo,1.01
2045,God of War: Ghost of Sparta,2010,Sony Computer Entertainment,1.01
2062,Excitebike 64,2000,Nintendo,1
2063,NES Open Tournament Golf,1991,Nintendo,1
2064,Game & Watch Gallery,1997,Nintendo,1
2071,NFL GameDay 2001,2000,Sony Computer Entertainment,1
2082,Jampack Winter 2000,2000,Sony Computer Entertainment,1
2085,NFL Fever 2002,2000,Microsoft Game Studios,0.99
2096,EyePet,2009,Sony Computer Entertainment,0.99
2099,The Bouncer,2000,Sony Computer Entertainment,0.99
2109,Xenoblade Chronicles,2010,Nintendo,0.98
2111,Mario Party Advance,2005,Nintendo,0.98
2113,Tetris 2,1993,Nintendo,0.98
2135,Fire Emblem,2003,Nintendo,0.97
2151,Dark Cloud 2,2002,Sony Computer Entertainment,0.96
2152,Jampack Summer '99,1999,Sony Computer Entertainment,0.96
2153,PlayStation All-Stars Battle Royale,2012,Sony Computer Entertainment,0.96
2158,Gangs of London,2006,Sony Computer Entertainment,0.96
2168,Shinobi,2002,Sony Computer Entertainment,0.96
2171,PilotWings Resort,2011,Nintendo,0.96
2181,SingStar Abba,2008,Sony Computer Entertainment,0.95
2183,Wild ARMs,1996,Sony Computer Entertainment,0.95
2195,Wii Play: Motion,2011,Nintendo,0.95
2196,Killzone,2004,Sony Computer Entertainment,0.94
2199,Star Fox 64 3D,2011,Nintendo,0.94
2206,Mario Tennis Open,2012,Nintendo,0.94
2213,MLB 2000,1999,Sony Computer Entertainment,0.94
2214,The Legend of Zelda: Twilight Princess HD,2016,Nintendo,0.94
2218,Hot Shots Golf Fore!,2003,Sony Computer Entertainment,0.94
2219,MLB 06: The Show,2006,Sony Computer Entertainment,0.94
2223,Buzz! Quiz World,2009,Sony Computer Entertainment,0.93
2228,White Knight Chronicles: International Edition,2008,Sony Computer Entertainment,0.93
2239,MLB 07: The Show,2007,Sony Computer Entertainment,0.93
2248,Blue Dragon,2006,Microsoft Game Studios,0.92
2261,Balloon Fight,1985,Nintendo,0.92
2263,Disney Magical World,2013,Nintendo,0.92
2268,MLB 12: The Show,2012,Sony Computer Entertainment,0.92
2271,Tobal No.1,1996,Sony Computer Entertainment,0.92
2272,Lost Odyssey,2007,Microsoft Game Studios,0.92
2273,MLB 15: The Show,2015,Sony Computer Entertainment,0.92
2299,MLB 2005,2004,Sony Computer Entertainment,0.9
2300,SOCOM 4: U.S. Navy SEALs,2011,Sony Computer Entertainment,0.9
2302,Buzz! Quiz TV,2008,Sony Computer Entertainment,0.9
2308,Hot Shots Tennis,2006,Sony Computer Entertainment,0.9
2310,Resistance: Retribution,2009,Sony Computer Entertainment,0.9
2320,Fossil Fighters,2008,Nintendo,0.9
2321,LittleBigPlanet Karting,2012,Sony Computer Entertainment,0.9
2328,Killzone: Liberation,2006,Sony Computer Entertainment,0.89
2335,Classic NES Series: The Legend of Zelda,2004,Nintendo,0.89
2336,The Jak and Daxter Collection,2012,Sony Computer Entertainment,0.89
2337,Fire Emblem: The Sacred Stones,2004,Nintendo,0.89
2338,Pokemon Card GB2: Here Comes Team GR!,2001,Nintendo,0.89
2341,Ace Combat 2,1997,Sony Computer Entertainment,0.89
2350,Wii Fit U,2013,Nintendo,0.89
2353,MLB 2001,2000,Sony Computer Entertainment,0.89
2354,SingStar Anthems,2006,Sony Computer Entertainment,0.89
2366,Buzz! The Mega Quiz,2007,Sony Computer Entertainment,0.88
2367,Endless Ocean: Blue World,2009,Nintendo,0.88
2376,Crimson Skies: High Road to Revenge,2003,Microsoft Game Studios,0.87
2391,NFL GameDay '97,1996,Sony Computer Entertainment,0.87
2397,Buzz! Master Quiz,2008,Sony Computer Entertainment,0.87
2405,Lemmings,2006,Sony Computer Entertainment,0.87
2410,SingStar '90s,2007,Sony Computer Entertainment,0.87
2415,Ghostbusters: The Video Game,2009,Sony Computer Entertainment,0.86
2422,MLB 99,1998,Sony Computer Entertainment,0.86
2425,The Legendary Starfy,2008,Nintendo,0.86
2429,Forza Horizon 2,2014,Microsoft Game Studios,0.85
2448,NFL GameDay,1995,Sony Computer Entertainment,0.85
2450,Kirby: Planet Robobot,2016,Nintendo,0.85
2456,Golden Sun: Dark Dawn,2010,Nintendo,0.84
2459,MLB 16: The Show,2016,Sony Computer Entertainment,0.84
2461,Xenoblade Chronicles X,2015,Nintendo,0.84
2474,Rogue Galaxy,2005,Sony Computer Entertainment,0.84
2476,Metroid: Zero Mission,2004,Nintendo,0.84
2483,Ace Combat 3: Electrosphere,1999,Sony Computer Entertainment,0.83
2490,Brute Force,2003,Microsoft Game Studios,0.83
2491,Dance Central 3,2012,Microsoft Game Studios,0.83
2496,Sly 3: Honor Among Thieves,2005,Sony Computer Entertainment,0.83
2503,MediEvil,1998,Sony Computer Entertainment,0.83
2515,Clu Clu Land,1984,Nintendo,0.82
2516,Killer Instinct Gold,1996,Nintendo,0.82
2517,Amped: Freestyle Snowboarding,2001,Microsoft Game Studios,0.82
2519,MediEvil: Resurrection,2005,Sony Computer Entertainment,0.82
2529,SingStar Vol. 2,2008,Sony Computer Entertainment,0.82
2532,Twisted Metal (2012),2012,Sony Computer Entertainment,0.82
2537,Patapon,2007,Sony Computer Entertainment,0.81
2542,The Legend of Zelda: Four Swords Adventures,2004,Nintendo,0.81
2552,EarthBound,1994,Nintendo,0.81
2592,Mario & Sonic at the Sochi 2014 Olympic Winter Games,2013,Nintendo,0.8
2594,Capcom's Soccer Shootout,1993,Nintendo,0.8
2603,Ridge Racer,1994,Sony Computer Entertainment,0.79
2607,Invizimals,2009,Sony Computer Entertainment,0.79
2620,Major League Baseball Featuring Ken Griffey Jr,1998,Nintendo,0.79
2622,Too Human,2008,Microsoft Game Studios,0.79
2626,Personal Trainer: Walking,2008,Nintendo,0.79
2628,PokePark 2: Wonders Beyond,2011,Nintendo,0.79
2629,Professor Layton and the Azran Legacy,2013,Nintendo,0.78
2632,Lips,2008,Microsoft Game Studios,0.78
2634,Metroid Prime Hunters,2006,Nintendo,0.78
2637,Buzz! The Hollywood Quiz,2007,Sony Computer Entertainment,0.78
2642,God of War Saga,2012,Sony Computer Entertainment,0.78
2644,Tetris Party Deluxe,2010,Nintendo,0.78
2656,Banjo-Kazooie: Nuts & Bolts,2008,Microsoft Game Studios,0.78
2657,NBA ShootOut 98,1998,Sony Computer Entertainment,0.78
2661,Perfect Dark Zero,2005,Microsoft Game Studios,0.77
2669,Freedom Wars,2014,Sony Computer Entertainment,0.77
2680,Twisted Metal: Head On,2005,Sony Computer Entertainment,0.77
2683,Pokemon Dash,2004,Nintendo,0.77
2684,Donkey Kong Country 3,2005,Nintendo,0.77
2710,Syphon Filter: The Omega Strain,2004,Sony Computer Entertainment,0.76
2727,Genji: Days of the Blade,2006,Sony Computer Entertainment,0.76
2731,Rare Replay,2015,Microsoft Game Studios,0.75
2760,LittleBigPlanet 3,2014,Sony Computer Entertainment,0.75
2765,Jump Ultimate Stars,2006,Nintendo,0.74
2766,Jampack Summer 2001,2001,Sony Computer Entertainment,0.74
2773,Mario & Luigi: Paper Jam,2015,Nintendo,0.74
2785,Jet Moto 3,1999,Sony Computer Entertainment,0.74
2792,Sword of Mana,2003,Nintendo,0.74
2798,Classic NES Series: Donkey Kong,2004,Nintendo,0.73
2800,Yoshi,1991,Nintendo,0.73
2804,Kirby: Canvas Curse,2005,Nintendo,0.73
2806,Practise English!,2007,Nintendo,0.73
2814,Just Dance Wii,2011,Nintendo,0.73
2818,Ratchet & Clank Collection,2012,Sony Computer Entertainment,0.73
2824,Style Savvy: Trendsetters,2012,Nintendo,0.72
2844,Jampack Winter 2001,2001,Sony Computer Entertainment,0.72
2851,MLB 09: The Show,2009,Sony Computer Entertainment,0.72
2852,Monster Hunter Tri,2012,Nintendo,0.72
2862,MLB 13: The Show,2013,Sony Computer Entertainment,0.71
2874,Conker: Live And Reloaded,2005,Microsoft Game Studios,0.71
2880,MLB 10: The Show,2010,Sony Computer Entertainment,0.71
2884,Rhythm Heaven: The Best+,2015,Nintendo,0.71
2887,Blast Corps,1997,Nintendo,0.71
2890,"WarioWare, Inc.: Mega Party Game$",2003,Nintendo,0.71
2892,Battle Arena Toshinden 2,1995,Sony Computer Entertainment,0.71
2901,Ratchet & Clank: Into the Nexus,2013,Sony Computer Entertainment,0.71
2913,Kill.Switch,2003,Sony Computer Entertainment,0.7
2919,Jade Empire,2005,Microsoft Game Studios,0.7
2925,Advance Wars,2001,Nintendo,0.7
2928,Ape Escape: On the Loose,2005,Sony Computer Entertainment,0.7
2931,Book of Spells,2012,Sony Computer Entertainment,0.7
2938,MLB 08: The Show,2008,Sony Computer Entertainment,0.7
2939,Classic NES Series: Zelda II: The Adventure of Link,2004,Nintendo,0.7
2940,Fire Emblem: Monsh? no Nazo,1994,Nintendo,0.7
2951,Halo 2 Multiplayer Map Pack,2005,Microsoft Game Studios,0.69
2956,Mario Pinball Land,2004,Nintendo,0.69
2960,NFL Xtreme,1998,Sony Computer Entertainment,0.69
2961,The Sly Collection,2010,Sony Computer Entertainment,0.69
2967,Nintendo Presents: New Style Boutique 2 - Fashion Forward,2015,Nintendo,0.69
2975,Kirby's Dream Collection: Special Edition,2012,Nintendo,0.68
2978,The Last Story,2011,Nintendo,0.68
2988,Hot Shots Golf: Open Tee 2,2007,Sony Computer Entertainment,0.68
2990,Fossil Fighters: Champions,2010,Nintendo,0.68
3002,Tourist Trophy: The Real Riding Simulator,2006,Sony Computer Entertainment,0.68
3008,100 Classic Books,2008,Nintendo,0.67
3023,Spice World,1998,Sony Computer Entertainment,0.67
3033,Wild ARMs 2,1999,Sony Computer Entertainment,0.67
3058,MLB 2004,2003,Sony Computer Entertainment,0.66
3074,Legend of Legaia,1998,Sony Computer Entertainment,0.66
3077,Wario: Master of Disguise,2007,Nintendo,0.66
3083,New Play Control! Pikmin,2008,Nintendo,0.66
3088,Um Jammer Lammy,1998,Sony Computer Entertainment,0.66
3094,Scene It? Box Office Smash,2008,Microsoft Game Studios,0.66
3103,F-Zero GX,2003,Nintendo,0.65
3106,Yoshi Topsy-Turvy,2004,Nintendo,0.65
3115,Advance Wars 2: Black Hole Rising,2003,Nintendo,0.65
3116,Fire Emblem: Shadow Dragon,2008,Nintendo,0.65
3119,SingStar Pop Hits,2007,Sony Computer Entertainment,0.65
3123,SingStar R&B,2007,Sony Computer Entertainment,0.65
3169,Gravity Rush,2012,Sony Computer Entertainment,0.64
3171,White Knight Chronicles II,2010,Sony Computer Entertainment,0.64
3173,Jampack Volume 13 (RP-T),2005,Sony Computer Entertainment,0.64
3175,Start the Party!,2010,Sony Computer Entertainment,0.64
3176,Cruis'n World,1998,Nintendo,0.64
3180,Donkey Kong Barrel Blast,2007,Nintendo,0.64
3187,Nightmare Creatures,1997,Sony Computer Entertainment,0.63
3188,SingStar Queen,2009,Sony Computer Entertainment,0.63
3214,God of War III,2015,Sony Computer Entertainment,0.63
3215,Ape Escape 2,2002,Sony Computer Entertainment,0.63
3216,Metroid Prime: Trilogy,2009,Nintendo,0.63
3246,NBA ShootOut '97,1997,Sony Computer Entertainment,0.62
3273,Mario's Picross,1995,Nintendo,0.62
3284,Formula 1: Championship Edition,2006,Sony Computer Entertainment,0.61
3287,SingStar Singalong With Disney,2008,Sony Computer Entertainment,0.61
3290,NFL Fever 2003,2002,Microsoft Game Studios,0.61
3304,Ganbaru Watashi no Kakei Diary,2007,Nintendo,0.61
3306,New Play Control! Donkey Kong Jungle Beat,2008,Nintendo,0.61
3313,Jak and Daxter: The Lost Frontier,2009,Sony Computer Entertainment,0.61
3319,Final Fantasy IV Advance,2005,Nintendo,0.61
3330,Game & Watch Gallery 4,2002,Nintendo,0.61
3335,New Play Control! Pikmin 2,2009,Nintendo,0.6
3337,Hot Shots Golf: World Invitational,2011,Sony Computer Entertainment,0.6
3340,Wave Race: Blue Storm,2001,Nintendo,0.6
3349,WarioWare D.I.Y.,2009,Nintendo,0.6
3355,Secret Agent Clank,2009,Sony Computer Entertainment,0.6
3362,Mickey's Speedway USA,2000,Nintendo,0.6
3369,PGR3 - Project Gotham Racing 3,2005,Microsoft Game Studios,0.6
3376,Kinect Rush: A Disney Pixar Adventure,2012,Microsoft Game Studios,0.6
3381,The Fight: Lights Out,2010,Sony Computer Entertainment,0.6
3383,Pokemon Trozei!,2005,Nintendo,0.6
3394,Jampack Fall 2001,2001,Sony Computer Entertainment,0.59
3417,Dead or Alive Xtreme Beach Volleyball,2003,Microsoft Game Studios,0.59
3426,Barbie: Race & Ride,1999,Sony Computer Entertainment,0.59
3437,Kirby's Dream Course,1994,Nintendo,0.59
3456,Kinect Sports Rivals,2014,Microsoft Game Studios,0.58
3475,Xenosaga Episode II: Jenseits von Gut und Böse,2004,Sony Computer Entertainment,0.58
3487,Fire Emblem: Seisen no Keifu,1996,Nintendo,0.58
3493,MLB 11: The Show,2011,Sony Computer Entertainment,0.58
3497,Rooms: The Main Building,2010,Nintendo,0.58
3500,Tetris Party Deluxe,2010,Nintendo,0.58
3502,Ratchet & Clank: Quest for Booty,2008,Sony Computer Entertainment,0.58
3522,Beyond The Beyond,1995,Sony Computer Entertainment,0.57
3534,The Mysterious Murasame Castle,1986,Nintendo,0.57
3539,Blood Wake,2001,Microsoft Game Studios,0.57
3543,Jampack Summer 2002,2002,Sony Computer Entertainment,0.57
3551,RalliSport Challenge,2002,Microsoft Game Studios,0.57
3564,Donkey Kong Jungle Climber,2007,Nintendo,0.56
3570,Classic NES Series: Dr. Mario,2004,Nintendo,0.56
3573,"Monsters, Inc. Scream Team",2001,Sony Computer Entertainment,0.56
3578,Hotel Dusk: Room 215,2007,Nintendo,0.56
3595,Xenoblade Chronicles,2015,Nintendo,0.56
3600,Lips: Number One Hits,2009,Microsoft Game Studios,0.56
3601,Hamtaro: Ham-Hams Unite!,2001,Nintendo,0.56
3607,Blinx: The Time Sweeper,2002,Microsoft Game Studios,0.56
3614,DS Bimoji Training,2008,Nintendo,0.56
3617,Soul Sacrifice,2013,Sony Computer Entertainment,0.56
3627,God of War: Origins Collection,2011,Sony Computer Entertainment,0.56
3643,Jump Super Stars,2005,Nintendo,0.55
3651,Extermination,2001,Sony Computer Entertainment,0.55
3653,Unit 13,2012,Sony Computer Entertainment,0.55
3657,Secret Agent Clank(US sales),2008,Sony Computer Entertainment,0.55
3680,Mortal Kombat 3,1995,Sony Computer Entertainment,0.55
3682,Jak X: Combat Racing,2005,Sony Computer Entertainment,0.55
3691,SingStar Summer Party,2008,Sony Computer Entertainment,0.54
3698,Excite Truck,2006,Nintendo,0.54
3702,ModNation Racers,2010,Sony Computer Entertainment,0.54
3710,Inazuma Eleven,2008,Nintendo,0.54
3724,Bust A Groove,1998,Sony Computer Entertainment,0.54
3725,Fire Emblem: Path of Radiance,2005,Nintendo,0.54
3742,Star Fox Command,2006,Nintendo,0.54
3745,Inazuma Eleven GO,2011,Nintendo,0.54
3753,War of the Monsters,2003,Sony Computer Entertainment,0.54
3764,Jampack Volume 11,2004,Sony Computer Entertainment,0.53
3779,Jampack Vol. 2,1996,Sony Computer Entertainment,0.53
3786,SingStar Dance,2010,Sony Computer Entertainment,0.53
3787,Kirby and the Rainbow Curse,2015,Nintendo,0.53
3794,NBA 06,2005,Sony Computer Entertainment,0.53
3817,Picross 3D,2009,Nintendo,0.53
3821,Wayne Gretzky's 3D Hockey,1996,Nintendo,0.53
3824,Mario Tennis: Power Tour,2005,Nintendo,0.52
3832,Naruto Shippuden: Clash of Ninja Revolution 3,2009,Nintendo,0.52
3837,Syphon Filter 3,2001,Sony Computer Entertainment,0.52
3852,PlayStation All-Stars Battle Royale,2012,Sony Computer Entertainment,0.52
3863,Lair,2007,Sony Computer Entertainment,0.52
3867,Kenkou Ouen Recipe 1000: DS Kondate Zenshuu,2006,Nintendo,0.52
3872,Omega Boost,1999,Sony Computer Entertainment,0.52
3877,Jampack Winter 2002,2002,Sony Computer Entertainment,0.52
3883,Pac-Man Fever,2001,Sony Computer Entertainment,0.51
3897,Jam With the Band,2008,Nintendo,0.51
3904,Fire Emblem: Radiant Dawn,2007,Nintendo,0.51
3909,Wrecking Crew,1985,Nintendo,0.51
3925,Picross DS,2007,Nintendo,0.51
3929,Quantum Break,2016,Microsoft Game Studios,0.51
3948,NHL FaceOff 98,1997,Sony Computer Entertainment,0.51
3981,Tactics Ogre: The Knight of Lodis,2001,Nintendo,0.5
3982,Fortune Street,2011,Nintendo,0.5
4009,PoPoLoCrois Monogatari,1996,Sony Computer Entertainment,0.5
4026,MotorStorm: Apocalypse,2011,Sony Computer Entertainment,0.49
4043,Mario & Wario,1993,Nintendo,0.49
4046,Pokemon Art Academy,2014,Nintendo,0.49
4055,WipEout Pulse,2009,Sony Computer Entertainment,0.49
4074,Steel Diver,2011,Nintendo,0.49
4084,Scene It? Lights Camera Action,2007,Microsoft Game Studios,0.48
4089,Children of Mana,2006,Nintendo,0.48
4093,Mario Golf: World Tour,2014,Nintendo,0.48
4100,You're in the Movies,2008,Microsoft Game Studios,0.48
4128,Viva Pinata: Trouble in Paradise,2008,Microsoft Game Studios,0.48
4130,FlingSmash,2010,Nintendo,0.48
4137,Fable,2014,Microsoft Game Studios,0.48
4148,Fantavision,2000,Sony Computer Entertainment,0.47
4152,Bravely Second: End Layer,2015,Nintendo,0.47
4168,ICO,2001,Sony Computer Entertainment,0.47
4176,Densetsu no Stafi,2002,Nintendo,0.47
4179,Shadowrun,2007,Microsoft Game Studios,0.47
4188,Bomberman Hero,1998,Nintendo,0.47
4223,Dance Dance Revolution: Mario Mix,2005,Nintendo,0.47
4231,Classic NES Series: Pac-Man,2004,Nintendo,0.46
4241,Syphon Filter: Logan's Shadow,2007,Sony Computer Entertainment,0.46
4249,Art Academy: Lessons for Everyone,2012,Nintendo,0.46
4251,ATV Offroad Fury Pro,2006,Sony Computer Entertainment,0.46
4253,SingStar Amped,2007,Sony Computer Entertainment,0.46
4263,Mario & Sonic at the Rio 2016 Olympic Games,2016,Nintendo,0.46
4264,NHL FaceOff '97,1996,Sony Computer Entertainment,0.46
4270,The Mark of Kri,2002,Sony Computer Entertainment,0.46
4271,Jampack Winter 2003 (RP-M),2003,Sony Computer Entertainment,0.46
4281,Jak and Daxter: The Lost Frontier,2009,Sony Computer Entertainment,0.46
4298,Mother 1+2,2003,Nintendo,0.46
4301,Puzzle & Dragons Z + Super Mario Bros. Edition,2015,Nintendo,0.46
4303,Top Spin,2003,Microsoft Game Studios,0.46
4305,Warhawk,1995,Sony Computer Entertainment,0.46
4308,DanceStar Party,2011,Sony Computer Entertainment,0.46
4329,Resistance: Burning Skies,2012,Sony Computer Entertainment,0.45
4359,SingStar Queen,2009,Sony Computer Entertainment,0.45
4361,Samurai Warriors 3,2009,Nintendo,0.45
4367,Pokemon Puzzle League,2000,Nintendo,0.45
4383,SingStar Take That,2009,Sony Computer Entertainment,0.45
4384,SOCOM: U.S. Navy SEALs Fireteam Bravo 3,2010,Sony Computer Entertainment,0.45
4390,NHL FaceOff,1994,Sony Computer Entertainment,0.45
4402,Mario Tennis Ultra Smash,2015,Nintendo,0.45
4406,Mario Golf: Advance Tour,2004,Nintendo,0.45
4414,Jampack Volume 13 (RP-M),2005,Sony Computer Entertainment,0.44
4439,Densetsu no Stafi 2,2003,Nintendo,0.44
4455,Sin and Punishment: Star Successor,2009,Nintendo,0.44
4466,Grind Session,2000,Sony Computer Entertainment,0.44
4469,Wario World,2003,Nintendo,0.44
4479,Eternal Darkness: Sanity's Requiem,2002,Nintendo,0.44
4482,SingStar Motown,2009,Sony Computer Entertainment,0.44
4491,Master of Illusion,2006,Nintendo,0.44
4494,Classic NES Series: Metroid,2004,Nintendo,0.43
4498,Primal,2003,Sony Computer Entertainment,0.43
4515,Minecraft,2016,Microsoft Game Studios,0.43
4516,MLB 2002,2001,Sony Computer Entertainment,0.43
4534,Mischief Makers,1997,Nintendo,0.43
4539,EyeToy: AntiGrav,2004,Sony Computer Entertainment,0.43
4542,Cool Boarders,1996,Sony Computer Entertainment,0.43
4550,Microsoft Flight Simulator X,2006,Microsoft Game Studios,0.43
4583,Dog's Life,2003,Sony Computer Entertainment,0.42
4584,The X Files,1999,Sony Computer Entertainment,0.42
4590,Famicom Mini: Super Mario Bros. 2,2004,Nintendo,0.42
4616,Arc the Lad III,1999,Sony Computer Entertainment,0.42
4625,Dr. Mario 64,2001,Nintendo,0.42
4631,MLB 08: The Show,2008,Sony Computer Entertainment,0.42
4655,Zack & Wiki: Quest for Barbaros' Treasure,2007,Nintendo,0.42
4659,Animal Crossing: Amiibo Festival,2015,Nintendo,0.42
4660,Hyrule Warriors,2016,Nintendo,0.42
4680,Jampack Spring 2004 (RP-T),2003,Sony Computer Entertainment,0.41
4682,NFL GameDay 2004,2003,Sony Computer Entertainment,0.41
4693,MLB 10: The Show,2010,Sony Computer Entertainment,0.41
4697,Cool Boarders 2001,2000,Sony Computer Entertainment,0.41
4723,Boku no Natsuyasumi 2: Umi no Bouken Hen,2002,Sony Computer Entertainment,0.41
4730,Ogre Battle 64: Person of Lordly Caliber,1999,Nintendo,0.41
4735,Rogue Galaxy: Director's Cut,2007,Sony Computer Entertainment,0.41
4736,Armored Core,1997,Sony Computer Entertainment,0.41
4746,The Wonderful 101,2013,Nintendo,0.41
4750,Buzz! Junior: Jungle Party,2006,Sony Computer Entertainment,0.41
4767,Mario no Super Picross,1995,Nintendo,0.41
4772,The Gunstringer,2011,Microsoft Game Studios,0.41
4780,Disney's Hercules / Disney's The Jungle Book: Groove Party / A Bug's Life,2003,Sony Computer Entertainment,0.4
4781,NFL GameDay 2002,2001,Sony Computer Entertainment,0.4
4784,Story of Seasons,2014,Nintendo,0.4
4806,Advance Wars: Dual Strike,2005,Nintendo,0.4
4812,Pet in TV,1997,Sony Computer Entertainment,0.4
4813,Battalion Wars,2005,Nintendo,0.4
4828,RR64: Ridge Racer 64,1999,Nintendo,0.4
4838,MLB 2006,2005,Sony Computer Entertainment,0.4
4849,Mother 3,2006,Nintendo,0.4
4854,Wii Sports Club,2014,Nintendo,0.4
4863,Boku no Natsuyasumi,2000,Sony Computer Entertainment,0.4
4865,I-Ninja,2003,Sony Computer Entertainment,0.4
4904,Fire Emblem: Fuuin no Tsurugi,2002,Nintendo,0.39
4912,LocoRoco,2006,Sony Computer Entertainment,0.39
4915,Donkey Konga 2,2004,Nintendo,0.39
4921,Wipeout 2048,2012,Sony Computer Entertainment,0.39
4923,Mystery Case Files: The Malgrave Incident,2011,Nintendo,0.39
4924,Yoshi Touch & Go,2005,Nintendo,0.39
4928,Age of Empires III,2005,Microsoft Game Studios,0.39
4930,MLB 15: The Show,2015,Sony Computer Entertainment,0.39
4933,Custom Robo V2,2000,Nintendo,0.39
4937,Chibi-Robo! Plug into Adventure!,2005,Nintendo,0.39
4939,Jampack Winter 2003 (RP-T),2003,Sony Computer Entertainment,0.39
4983,Super Soccer,1991,Nintendo,0.38
4985,Wario Land II (GBC),1998,Nintendo,0.38
5002,NFL GameDay 2002,2001,Sony Computer Entertainment,0.38
5016,ESPN Extreme Games,1994,Sony Computer Entertainment,0.38
5017,Forza Horizon 3,2016,Microsoft Game Studios,0.38
5030,Elite Beat Agents,2006,Nintendo,0.38
5045,MediEvil II,1999,Sony Computer Entertainment,0.38
5052,Pokemon Channel,2003,Nintendo,0.38
5055,Moto Racer World Tour,2000,Sony Computer Entertainment,0.38
5069,EyeToy Play 2,2004,Sony Computer Entertainment,0.38
5099,Kingdom Under Fire: Circle of Doom,2007,Microsoft Game Studios,0.37
5100,NBA Inside Drive 2002,2002,Microsoft Game Studios,0.37
5103,Kileak: The DNA Imperative,1994,Sony Computer Entertainment,0.37
5122,Yarudora Series Vol.1: Double Cast,1998,Sony Computer Entertainment,0.37
5130,Custom Robo,2004,Nintendo,0.37
5135,Pac-Man World 2,2002,Nintendo,0.37
5148,Trauma Center: Under the Knife,2005,Nintendo,0.37
5186,LocoRoco 2,2008,Sony Computer Entertainment,0.36
5193,Hamtaro: Ham-Ham Heartbreak,2002,Nintendo,0.36
5194,Okage: Shadow King,2001,Sony Computer Entertainment,0.36
5202,Kirby's Dream Land 3,1997,Nintendo,0.36
5204,NFL GameDay 2001,2000,Sony Computer Entertainment,0.36
5208,Tetrisphere,1997,Nintendo,0.36
5216,MechAssault 2: Lone Wolf,2004,Microsoft Game Studios,0.36
5224,Kinectimals: Now with Bears!,2011,Microsoft Game Studios,0.36
5237,Arc the Lad: Twilight of the Spirits,2003,Sony Computer Entertainment,0.36
5266,SOCOM: Tactical Strike,2007,Sony Computer Entertainment,0.35
5267,Blasto,1998,Sony Computer Entertainment,0.35
5268,Trauma Center: Second Opinion,2006,Nintendo,0.35
5274,Picross 2,1996,Nintendo,0.35
5276,Battalion Wars 2,2007,Nintendo,0.35
5289,Fossil Fighters: Frontier,2014,Nintendo,0.35
5290,Star Fox: Zero,2016,Nintendo,0.35
5293,Stunt Race FX,1993,Nintendo,0.35
5317,Xbox Music Mixer,2003,Microsoft Game Studios,0.35
5319,The Shoot,2010,Sony Computer Entertainment,0.35
5343,MLB 06: The Show,2006,Sony Computer Entertainment,0.35
5351,Kurushi Final: Mental Blocks,1998,Sony Computer Entertainment,0.34
5361,Etrian Odyssey,2007,Nintendo,0.34
5363,Classic NES Series: Ice Climber,2004,Nintendo,0.34
5367,Tenchu Z,2006,Microsoft Game Studios,0.34
5376,MotorStorm: Arctic Edge,2009,Sony Computer Entertainment,0.34
5386,Kameo: Elements of Power,2005,Microsoft Game Studios,0.34
5408,Point Blank,1997,Sony Computer Entertainment,0.34
5415,Tiny Tank,1998,Sony Computer Entertainment,0.34
5421,Zoo Tycoon (2013),2013,Microsoft Game Studios,0.34
5427,Buzz! The Ultimate Music Quiz,2010,Sony Computer Entertainment,0.34
5429,The Eye of Judgment,2007,Sony Computer Entertainment,0.34
5431,Modnation Racers: Road Trip,2012,Sony Computer Entertainment,0.34
5443,Ninja Blade,2009,Microsoft Game Studios,0.33
5448,Pandora's Tower,2011,Nintendo,0.33
5453,Bomberman World,1998,Sony Computer Entertainment,0.33
5463,Ape Escape Academy,2004,Sony Computer Entertainment,0.33
5465,SingStar Take That,2009,Sony Computer Entertainment,0.33
5469,Planet Puzzle League,2007,Nintendo,0.33
5475,Klonoa 2: Lunatea's Veil,2001,Sony Computer Entertainment,0.33
5479,Disney's Treasure Planet,2002,Sony Computer Entertainment,0.33
5481,Jeanne d'Arc,2006,Sony Computer Entertainment,0.33
5493,Little Deviants,2011,Sony Computer Entertainment,0.33
5500,MLB 09: The Show,2009,Sony Computer Entertainment,0.33
5502,Cool Boarders 2001,2001,Sony Computer Entertainment,0.33
5503,Classic NES Series: Castlevania,2004,Nintendo,0.33
5529,DiRT 2,2009,Sony Computer Entertainment,0.33
5533,MLB 08: The Show,2008,Sony Computer Entertainment,0.33
5539,NCAA GameBreaker 2001,2000,Sony Computer Entertainment,0.33
5555,Folklore,2007,Sony Computer Entertainment,0.33
5569,Dr. Mario / Puzzle League,2005,Nintendo,0.33
5574,God of War Collection,2014,Sony Computer Entertainment,0.33
5599,Kinetica,2001,Sony Computer Entertainment,0.32
5614,ESPN X-Games Pro Boarder,1997,Sony Computer Entertainment,0.32
5631,Sky Odyssey,2000,Sony Computer Entertainment,0.32
5634,Kirby's Block Ball,1995,Nintendo,0.32
5639,Rally Cross,1997,Sony Computer Entertainment,0.32
5675,NFL Fever 2004,2003,Microsoft Game Studios,0.32
5689,"Monsters, Inc.",2002,Sony Computer Entertainment,0.32
5691,WipEout Pulse,2007,Sony Computer Entertainment,0.32
5696,Shenmue II,2002,Microsoft Game Studios,0.32
5700,Fable III,2011,Microsoft Game Studios,0.32
5709,NBA ShootOut,1995,Sony Computer Entertainment,0.31
5718,Mario Golf,1999,Nintendo,0.31
5723,NBA Inside Drive 2003,2002,Microsoft Game Studios,0.31
5730,MLB 07: The Show,2007,Sony Computer Entertainment,0.31
5732,Jampack: Summer 2003 (RP-M),2003,Sony Computer Entertainment,0.31
5739,Tiny Toon Adventures: The Great Beanstalk,1998,Sony Computer Entertainment,0.31
5760,Doubutsu no Mori,2001,Nintendo,0.31
5776,Jampack Volume 12,2005,Sony Computer Entertainment,0.31
5791,Sorcery,2012,Sony Computer Entertainment,0.31
5793,NHL FaceOff 2000,1998,Sony Computer Entertainment,0.31
5797,NCAA Final Four 2002,2001,Sony Computer Entertainment,0.31
5815,KuruKuru Kururin,2001,Nintendo,0.31
5816,Disney's The Emperor's New Groove,2000,Sony Computer Entertainment,0.31
5817,Disney's Stitch: Experiment 626,2002,Sony Computer Entertainment,0.31
5826,Midtown Madness 3,2003,Microsoft Game Studios,0.3
5830,Gameboy Gallery,1995,Nintendo,0.3
5839,Trauma Center: New Blood,2007,Nintendo,0.3
5842,NES Remix,2014,Nintendo,0.3
5844,Jumping Flash!,1995,Sony Computer Entertainment,0.3
5855,Neopets: The Darkest Faerie,2005,Sony Computer Entertainment,0.3
5857,Rhythm Tengoku,2006,Nintendo,0.3
5859,Cart World Series,1997,Sony Computer Entertainment,0.3
5860,Invizimals: Shadow Zone,2010,Sony Computer Entertainment,0.3
5861,24: The Game,2006,Sony Computer Entertainment,0.3
5882,Fossil Fighters (JP sales),2008,Nintendo,0.3
5886,Glory of Heracles,2008,Nintendo,0.3
5899,N3: Ninety-Nine Nights,2006,Microsoft Game Studios,0.3
5949,Trace Memory,2005,Nintendo,0.3
5961,Syphon Filter: Dark Mirror,2006,Sony Computer Entertainment,0.29
5973,Soul Sacrifice Delta,2014,Sony Computer Entertainment,0.29
5990,Punch-Out!!,2007,Nintendo,0.29
6001,Ratchet & Clank: Size Matters,2008,Sony Computer Entertainment,0.29
6008,Starhawk,2012,Sony Computer Entertainment,0.29
6016,Medieval Moves: Deadmund's Quest,2011,Sony Computer Entertainment,0.29
6029,The New Tetris,1999,Nintendo,0.29
6030,Ken Griffey Jr.'s Slugfest,1999,Nintendo,0.29
6043,Fable: The Journey,2012,Microsoft Game Studios,0.29
6046,Just Dance Wii 2,2012,Nintendo,0.29
6053,MLB Pennant Race,1996,Sony Computer Entertainment,0.29
6078,Namco Museum Vol.2,1996,Sony Computer Entertainment,0.29
6083,Tomba! 2: The Evil Swine Return,1999,Sony Computer Entertainment,0.29
6097,Links 2004,2003,Microsoft Game Studios,0.29
6100,Battle & Get! Pokemon Typing DS,2011,Nintendo,0.29
6103,Tales of Phantasia,2003,Nintendo,0.29
6110,SingStar Country,2008,Sony Computer Entertainment,0.28
6113,Hot Shots Golf: World Invitational,2012,Sony Computer Entertainment,0.28
6137,Siren: Blood Curse,2008,Sony Computer Entertainment,0.28
6146,Final Fantasy VI Advance,2006,Nintendo,0.28
6156,Kung Fu Chaos,2003,Microsoft Game Studios,0.28
6157,Mega Man: Dr. Wily's Revenge,1991,Nintendo,0.28
6166,Mega Man II,1991,Nintendo,0.28
6175,Syphon Filter: Dark Mirror,2007,Sony Computer Entertainment,0.28
6180,MLB 07: The Show,2007,Sony Computer Entertainment,0.28
6183,Sing Party,2012,Nintendo,0.28
6190,Dead or Alive,1998,Sony Computer Entertainment,0.28
6220,Patapon 3,2011,Sony Computer Entertainment,0.28
6233,Pokemon Box: Ruby & Sapphire,2003,Nintendo,0.28
6257,Donkey Kong GB: Dinky Kong & Dixie Kong,2000,Nintendo,0.28
6259,ExciteBots: Trick Racing,2009,Nintendo,0.28
6265,Moero! Nekketsu Rhythm Damashii: Osu! Tatakae! Ouendan! 2,2007,Nintendo,0.27
6270,Tao Feng: Fist of the Lotus,2003,Microsoft Game Studios,0.27
6299,EyePet,2010,Sony Computer Entertainment,0.27
6301,Athens 2004,2004,Sony Computer Entertainment,0.27
6307,Baten Kaitos: Eternal Wings and the Lost Ocean,2003,Nintendo,0.27
6323,RalliSport Challenge 2,2004,Microsoft Game Studios,0.27
6348,Command & Conquer,1999,Nintendo,0.27
6351,Tohoku Daigaku Karei Igaku Kenkyuusho - Kawashima Ryuuta Kyouju Kanshuu - Mono Sugoku Nou o Kitaeru 5-Funkan no Oni Training,2012,Nintendo,0.27
6372,Magical Vacation,2001,Nintendo,0.27
6379,America's Test Kitchen: Let's Get Cooking,2010,Nintendo,0.27
6381,Fire Emblem: Shin Monshou no Nazo Hikari to Kage no Eiyuu,2010,Nintendo,0.27
6405,NBA ShootOut 2001,2000,Sony Computer Entertainment,0.27
6412,Battle Arena Toshinden 3,1996,Sony Computer Entertainment,0.27
6442,NBA 07,2006,Sony Computer Entertainment,0.26
6464,NCAA Gamebreaker,1996,Sony Computer Entertainment,0.26
6468,Zoo Tycoon 2: Ultimate Collection,2008,Microsoft Game Studios,0.26
6469,Tomba!,1997,Sony Computer Entertainment,0.26
6479,DS Bungaku Zenshuu,2007,Nintendo,0.26
6491,Inazuma Eleven Strikers,2011,Nintendo,0.26
6493,Final Fantasy V Advance,2006,Nintendo,0.26
6552,MLB 09: The Show,2009,Sony Computer Entertainment,0.26
6553,Polarium,2004,Nintendo,0.26
6556,Classic NES Series: Bomberman,2004,Nintendo,0.26
6573,Drakan: The Ancients' Gates,2002,Sony Computer Entertainment,0.26
6578,Tokyo Jungle,2012,Sony Computer Entertainment,0.26
6584,Fire Emblem: Thracia 776,1999,Nintendo,0.26
6590,Mario & Sonic at the Rio 2016 Olympic Games,2016,Nintendo,0.26
6599,NBA ShootOut 2004,2003,Sony Computer Entertainment,0.26
6603,Metroid Prime Pinball,2005,Nintendo,0.26
6604,Formula One 2001,2001,Sony Computer Entertainment,0.26
6620,Tearaway Unfolded,2015,Sony Computer Entertainment,0.25
6644,Exhibition,2001,Microsoft Game Studios,0.25
6647,Amped 2,2003,Microsoft Game Studios,0.25
6672,WipEout Fusion,2002,Sony Computer Entertainment,0.25
6694,NBA Courtside 2 featuring Kobe Bryant,1999,Nintendo,0.25
6700,Penny Racers,1996,Sony Computer Entertainment,0.25
6705,Freshly-Picked: Tingle's Rosy Rupeeland,2006,Nintendo,0.25
6733,TV Superstars,2010,Sony Computer Entertainment,0.25
6740,WRC: World Rally Championship,2001,Sony Computer Entertainment,0.25
6753,Jumping Flash! 2,1996,Sony Computer Entertainment,0.25
6765,NBA Courtside 2002,2002,Nintendo,0.25
6768,Classic NES Series: Excitebike,2004,Nintendo,0.25
6769,Classic NES Series: Xevious,2004,Nintendo,0.25
6789,Spawn the Eternal,1997,Sony Computer Entertainment,0.24
6790,MLB,2005,Sony Computer Entertainment,0.24
6805,Namco Tennis Smash Court,1995,Sony Computer Entertainment,0.24
6816,DK: King of Swing,2005,Nintendo,0.24
6849,Azurik: Rise of Perathia,2001,Microsoft Game Studios,0.24
6888,Densetsu no Stafi 3,2004,Nintendo,0.24
6890,Ratchet & Clank: Going Commando (JP weekly sales),2003,Sony Computer Entertainment,0.24
6902,Chibi-Robo! Zip Lash,2015,Nintendo,0.24
6909,Viva Pinata: Party Animals,2007,Microsoft Game Studios,0.24
6914,My Street,2003,Sony Computer Entertainment,0.24
6923,Game & Wario,2013,Nintendo,0.24
6927,Covert Ops: Nuclear Dawn,2000,Sony Computer Entertainment,0.24
6932,Nintendo Presents: Crossword Collection,2009,Nintendo,0.24
6979,Girls Mode 3: Kirakira Code,2015,Nintendo,0.23
6980,Meteos,2005,Nintendo,0.23
6993,SingStar Pop Edition,2009,Sony Computer Entertainment,0.23
6999,Carnival Island,2011,Sony Computer Entertainment,0.23
7020,NCAA GameBreaker 2003,2002,Sony Computer Entertainment,0.23
7033,NHL FaceOff 2001,2000,Sony Computer Entertainment,0.23
7039,Last Window: The Secret of Cape West,2010,Nintendo,0.23
7056,Airblade,2001,Sony Computer Entertainment,0.23
7067,Tetris 2 (weekly jp sales),1992,Nintendo,0.23
7072,Naruto Shippuden: Ninja Council 4,2007,Nintendo,0.23
7073,Genji: Dawn of the Samurai,2005,Sony Computer Entertainment,0.23
7082,Super Swing Golf,2006,Nintendo,0.23
7096,Super R-Type,1991,Nintendo,0.23
7111,Ratchet & Clank: Full Frontal Assault,2012,Sony Computer Entertainment,0.23
7114,NCAA GameBreaker 2004,2003,Sony Computer Entertainment,0.23
7118,Buzz! Junior: RoboJam,2007,Sony Computer Entertainment,0.23
7122,Tetris Attack,1996,Nintendo,0.23
7123,NBA ShootOut 2003,2002,Sony Computer Entertainment,0.23
7128,NHL FaceOff 2003,2002,Sony Computer Entertainment,0.23
7176,Hamtaro: Ham-Ham Games,2004,Nintendo,0.22
7264,Kirby's Star Stacker,1997,Nintendo,0.22
7270,Shin Megami Tensei x Fire Emblem,2015,Nintendo,0.22
7272,Disney's Magical Quest Starring Mickey and Minnie,2002,Nintendo,0.22
7273,Spirit Camera: The Cursed Memoir,2012,Nintendo,0.22
7274,NBA 06,2005,Sony Computer Entertainment,0.22
7284,Yoshi Touch & Go (JP sales),2005,Nintendo,0.22
7288,Jackie Chan: Stuntmaster,1999,Sony Computer Entertainment,0.22
7292,Code Name: S.T.E.A.M.,2015,Nintendo,0.22
7319,Are You Smarter Than a 5th Grader? Back to School,2010,Nintendo,0.21
7323,SingStar: Back to the 80s,2011,Sony Computer Entertainment,0.21
7326,NBA,2005,Sony Computer Entertainment,0.21
7404,Hot Shots Tennis: Get a Grip,2010,Sony Computer Entertainment,0.21
7419,Heroes of Ruin,2012,Nintendo,0.21
7428,PoPoLoCrois Monogatari II,2000,Sony Computer Entertainment,0.21
7430,Vampire Rain,2007,Microsoft Game Studios,0.21
7441,Solatorobo: Red the Hunter,2010,Nintendo,0.21
7469,Yarudora Series Vol. 2: Kisetsu wo Dakishimete,1998,Sony Computer Entertainment,0.21
7483,Little Battlers eXperience: Baku Boost,2012,Nintendo,0.21
7492,Kung Fu Rider,2010,Sony Computer Entertainment,0.21
7507,Trade & Battle: Card Hero,2000,Nintendo,0.2
7522,Buzz! The Schools Quiz,2008,Sony Computer Entertainment,0.2
7546,Tekken 3D: Prime Edition,2012,Nintendo,0.2
7549,MLB 10: The Show,2010,Sony Computer Entertainment,0.2
7550,State of Decay,2015,Microsoft Game Studios,0.2
7575,MLB 12: The Show,2012,Sony Computer Entertainment,0.2
7605,Speed Punks,1998,Sony Computer Entertainment,0.2
7614,NCAA Final Four 2004,2003,Sony Computer Entertainment,0.2
7627,NBA 07,2006,Sony Computer Entertainment,0.2
7633,The Con,2005,Sony Computer Entertainment,0.2
7657,Namco Museum Vol.4,1996,Sony Computer Entertainment,0.2
7701,Ore no Shikabane o Koete Yuke,2011,Sony Computer Entertainment,0.2
7732,NHL FaceOff 2001,2001,Sony Computer Entertainment,0.2
7742,ESA Foundation Compilation,2005,Sony Computer Entertainment,0.19
7745,Ninja Gaiden 3,2012,Nintendo,0.19
7775,NCAA Final Four 2003,2002,Sony Computer Entertainment,0.19
7803,Disney's Magical Mirror Starring Mickey Mouse,2002,Nintendo,0.19
7840,SingStar Pop Vol.2,2008,Sony Computer Entertainment,0.19
7844,Frequency,2001,Sony Computer Entertainment,0.19
7852,Jampack: Summer 2003 (RP-T),2003,Sony Computer Entertainment,0.19
7856,Sudeki,2004,Microsoft Game Studios,0.19
7859,"Boku no Natsuyasumi 4: Seitouchi Shounen Tanteidan, Boku to Himitsu no Chizu",2009,Sony Computer Entertainment,0.19
7868,Disney Magic World 2,2015,Nintendo,0.19
7894,The Heavy Rain and Beyond: Two Souls Collection,2016,Sony Computer Entertainment,0.19
7903,Active Health with Carol Vorderman,2009,Nintendo,0.19
7909,Princess Maker: Yumemiru Yosei,1997,Sony Computer Entertainment,0.19
7917,Sudoku Gridmaster (JP sales),2006,Nintendo,0.19
7929,Daigasso! Band Brothers,2004,Nintendo,0.19
7930,Rise of the Kasai,2005,Sony Computer Entertainment,0.19
7947,Face Training,2007,Nintendo,0.19
7961,NCAA Final Four 2001,2000,Sony Computer Entertainment,0.19
7977,Dance Central: Spotlight,2014,Microsoft Game Studios,0.19
7979,Magical Starsign (US sales),2006,Nintendo,0.19
7989,Star Wars: The Clone Wars & Tetris Worlds,2002,Microsoft Game Studios,0.19
7997,EyePet & Friends,2011,Sony Computer Entertainment,0.19
8023,Siren,2003,Sony Computer Entertainment,0.18
8033,Lips: Party Classics,2010,Microsoft Game Studios,0.18
8039,GameBoy Wars,1991,Nintendo,0.18
8040,Amplitude,2003,Sony Computer Entertainment,0.18
8053,Klonoa: Door to Phantomile,1997,Sony Computer Entertainment,0.18
8063,TalkMan (Japan),2005,Sony Computer Entertainment,0.18
8079,Pokémon I Choose You / Squirtle Squad Game Boy Advance Video,2004,Nintendo,0.18
8091,Jampack Vol. 1,1996,Sony Computer Entertainment,0.18
8120,Daigasso! Band Brothers P,2013,Nintendo,0.18
8124,SingStar Motown,2009,Sony Computer Entertainment,0.18
8158,EyeToy: Groove,2003,Sony Computer Entertainment,0.18
8212,EyeToy: Kinetic,2005,Sony Computer Entertainment,0.17
8235,Project Spark,2014,Microsoft Game Studios,0.17
8245,Smash Court Tennis Pro Tournament,2002,Sony Computer Entertainment,0.17
8249,NBA Inside Drive 2004,2003,Microsoft Game Studios,0.17
8257,Gretzky NHL 2005,2004,Sony Computer Entertainment,0.17
8268,PlayStation Move Heroes,2011,Sony Computer Entertainment,0.17
8273,Exhibition Volume 02,2003,Microsoft Game Studios,0.17
8276,Sudoku Gridmaster,2006,Nintendo,0.17
8277,Disney's Atlantis: The Lost Empire,2001,Sony Computer Entertainment,0.17
8296,Age of Empires III: Complete Collection,2009,Microsoft Game Studios,0.17
8302,N3 II: Ninety-Nine Nights,2010,Microsoft Game Studios,0.17
8303,The King of Fighters '95,1996,Sony Computer Entertainment,0.17
8314,Pursuit Force: Extreme Justice,2007,Sony Computer Entertainment,0.17
8326,Buzz! Brain of the UK,2009,Sony Computer Entertainment,0.17
8327,NBA 09: The Inside,2008,Sony Computer Entertainment,0.17
8345,Pokémon Beach Blank-out Blastoise / Go West Young Meowth Game Boy Advance Video,2004,Nintendo,0.17
8365,Fuzion Frenzy 2,2007,Microsoft Game Studios,0.17
8387,World Tour Soccer 2006,2004,Sony Computer Entertainment,0.17
8398,Custom Robo Arena,2006,Nintendo,0.17
8405,Pursuit Force,2005,Sony Computer Entertainment,0.17
8406,Densetsu no Stafi 4,2006,Nintendo,0.17
8428,Street Fighter Alpha 2,1996,Nintendo,0.17
8442,NBA 09: The Inside,2008,Sony Computer Entertainment,0.17
8451,Itoi Shigesato no Bass Tsuri No. 1,1997,Nintendo,0.17
8452,Cubivore: Survival of the Fittest,2002,Nintendo,0.17
8468,MLB 16: The Show,2016,Sony Computer Entertainment,0.16
8471,PoPoLoCrois: Hajimari no Bouken,2002,Sony Computer Entertainment,0.16
8479,World Tour Soccer 2005,2004,Sony Computer Entertainment,0.16
8496,True Swing Golf,2005,Nintendo,0.16
8516,King's Field,1995,Sony Computer Entertainment,0.16
8543,DS Rakubiki Jiten,2005,Nintendo,0.16
8590,Starcraft 64,2000,Nintendo,0.16
8614,Shinobido 2: Tales of the Ninja,2011,Sony Computer Entertainment,0.16
8621,MLB 11: The Show,2011,Sony Computer Entertainment,0.16
8630,NCAA Final Four 2001,2000,Sony Computer Entertainment,0.16
8643,F-Zero: GP Legend,2003,Nintendo,0.16
8669,StarBlade α,1995,Sony Computer Entertainment,0.16
8680,Culdcept,2012,Nintendo,0.16
8685,Halo Triple Pack,2005,Microsoft Game Studios,0.16
8718,Muppet RaceMania,1999,Sony Computer Entertainment,0.15
8719,Namco Museum Vol.5,1996,Sony Computer Entertainment,0.15
8743,Blinx 2: Masters of Time & Space,2004,Microsoft Game Studios,0.15
8758,Disney's Story Studio: Disney's Mulan,1999,Sony Computer Entertainment,0.15
8777,Project Sylpheed: Arc of Deception,2006,Microsoft Game Studios,0.15
8779,NCAA GameBreaker 2001,2000,Sony Computer Entertainment,0.15
8819,Kowloon's Gate,1997,Sony Computer Entertainment,0.15
8821,Kingdom of Paradise,2005,Sony Computer Entertainment,0.15
8837,NBA ShootOut 2001,2001,Sony Computer Entertainment,0.15
8843,NBA 09: The Inside,2008,Sony Computer Entertainment,0.15
8856,Oreshika: Tainted Bloodlines,2014,Sony Computer Entertainment,0.15
8857,White Knight Chronicles: Origins,2011,Sony Computer Entertainment,0.15
8877,Tetris Attack,1995,Nintendo,0.15
8900,Geist,2005,Nintendo,0.15
8902,Cardinal Syn,1998,Sony Computer Entertainment,0.15
8963,High Velocity Bowling,2010,Sony Computer Entertainment,0.15
8968,Turbo Prop Racing,1997,Sony Computer Entertainment,0.15
8976,MotoGP 2: Ultimate Racing Technology,2001,Sony Computer Entertainment,0.15
8989,Wizardry VII: Gadeia no Houshu,1995,Sony Computer Entertainment,0.15
8996,Grabbed by the Ghoulies,2003,Microsoft Game Studios,0.14
9019,The Fifth Element,1998,Sony Computer Entertainment,0.14
9024,Okaeri! Chibi-Robo! Happy Richie Oosouji,2009,Nintendo,0.14
9052,Doshin the Giant,2002,Nintendo,0.14
9091,PaRappa The Rapper 2,2001,Sony Computer Entertainment,0.14
9099,Xevious 3D/G+,1997,Sony Computer Entertainment,0.14
9101,Gretzky NHL 06,2005,Sony Computer Entertainment,0.14
9115,Mr. Driller: Drill Spirits,2004,Nintendo,0.14
9126,Destruction Derby Raw,2000,Sony Computer Entertainment,0.14
9130,World Tour Soccer 2003,2002,Sony Computer Entertainment,0.14
9142,Gretzky NHL 06,2005,Sony Computer Entertainment,0.14
9148,NBA ShootOut 2002,2001,Sony Computer Entertainment,0.14
9149,SingStar Vol. 3,2008,Sony Computer Entertainment,0.14
9150,The Granstream Saga,1997,Sony Computer Entertainment,0.14
9164,Epidemic,1995,Sony Computer Entertainment,0.14
9169,Ecco the Dolphin: Defender of the Future,2002,Sony Computer Entertainment,0.14
9185,Lips: I Love The 80s,2010,Microsoft Game Studios,0.14
9212,Reality Fighters,2012,Sony Computer Entertainment,0.14
9234,Ape Escape Academy (jp sales),2004,Sony Computer Entertainment,0.14
9237,PaRappa The Rapper,2006,Sony Computer Entertainment,0.14
9243,Cyber Sled,1995,Sony Computer Entertainment,0.14
9286,Magnetica,2006,Nintendo,0.14
9295,World Tour Soccer 2002,2001,Sony Computer Entertainment,0.14
9296,Interactive Sampler Disc 6,1997,Sony Computer Entertainment,0.14
9302,Vampire Night,2001,Sony Computer Entertainment,0.14
9303,Kororinpa: Marble Mania,2006,Nintendo,0.14
9367,Sentou Kokka Air Land Battle,1995,Sony Computer Entertainment,0.13
9381,SingStar Latino,2007,Sony Computer Entertainment,0.13
9396,MLB 11: The Show,2011,Sony Computer Entertainment,0.13
9432,Destruction Derby Arenas,2004,Sony Computer Entertainment,0.13
9451,NBA 08,2007,Sony Computer Entertainment,0.13
9463,Illusion of Gaia,1993,Nintendo,0.13
9481,Sin and Punishment,2000,Nintendo,0.13
9494,Secret Agent Clank,2008,Sony Computer Entertainment,0.13
9500,NightCaster,2002,Microsoft Game Studios,0.13
9504,MLB 13: The Show,2013,Sony Computer Entertainment,0.13
9507,Ape Escape 3,2005,Sony Computer Entertainment,0.13
9538,Namco Soccer Prime Goal,1995,Sony Computer Entertainment,0.13
9539,NBA 08,2007,Sony Computer Entertainment,0.13
9569,Pokémon: For Ho-Oh the Bells Toll!: Game Boy Advance Video,2004,Nintendo,0.13
9578,Gravity Rush Remastered,2015,Sony Computer Entertainment,0.13
9645,Quantum Redshift,2002,Microsoft Game Studios,0.13
9646,Smash Court Tennis Pro Tournament 2,2004,Sony Computer Entertainment,0.13
9681,After Hours Athletes,2011,Sony Computer Entertainment,0.12
9738,Eyeshield 21: Max Devil Power,2006,Nintendo,0.12
9760,Voodoo Vince,2003,Microsoft Game Studios,0.12
9765,Neopets Petpet Adventures: The Wand of Wishing,2006,Sony Computer Entertainment,0.12
9783,The God of War Trilogy,2010,Sony Computer Entertainment,0.12
9788,Go! Sudoku,2005,Sony Computer Entertainment,0.12
9815,Fat Princess: Fistful of Cake,2010,Sony Computer Entertainment,0.12
9855,PixelJunk Monsters Deluxe,2010,Sony Computer Entertainment,0.12
9882,Everybody Dance,2011,Sony Computer Entertainment,0.12
9890,MLB Inside Pitch 2003,2003,Microsoft Game Studios,0.12
9971,Stolen Song,1998,Sony Computer Entertainment,0.12
9980,Sengoku Cyber: Fujimaru Jigokuhen,1995,Sony Computer Entertainment,0.12
9982,ASH: Archaic Sealed Heat,2007,Nintendo,0.12
10033,SingStar Latino,2009,Sony Computer Entertainment,0.11
10037,Pocket Soccer League: Calciobit,2012,Nintendo,0.11
10052,Phantom Dust,2004,Microsoft Game Studios,0.11
10074,Fatal Frame: Maiden of Black Water,2014,Nintendo,0.11
10079,Start the Party! Save the World,2011,Sony Computer Entertainment,0.11
10101,Zangeki no Reginleiv,2010,Nintendo,0.11
10109,Invizimals: The Lost Tribes,2011,Sony Computer Entertainment,0.11
10145,Kousoku Card Battle: Card Hero,2007,Nintendo,0.11
10190,Brave Story: New Traveler (US sales),2006,Sony Computer Entertainment,0.11
10198,Odama,2006,Nintendo,0.11
10203,Soma Bringer,2008,Nintendo,0.11
10207,Go! Sudoku (JP sales),2005,Sony Computer Entertainment,0.11
10250,Famicom Mini: Famicom Tantei Club - Kieta Koukeisha Zenkouhen,2004,Nintendo,0.11
10256,NHL Rivals 2004,2003,Microsoft Game Studios,0.11
10305,Irozuki Tingle no Koi no Balloon Trip,2009,Nintendo,0.11
10320,Picross 3D 2,2015,Nintendo,0.11
10324,Patapon 2,2008,Sony Computer Entertainment,0.11
10338,Victory Zone,1995,Sony Computer Entertainment,0.11
10342,Dynasty Warriors Advance,2005,Nintendo,0.11
10352,Mega Man Battle Network 5: Double Team DS (JP sales),2005,Nintendo,0.11
10372,Jampack Volume 14 (RP-T),2006,Sony Computer Entertainment,0.11
10380,Carnage Heart,1995,Sony Computer Entertainment,0.11
10401,Yuusha no Kuse ni Namaikida Or 3D,2010,Sony Computer Entertainment,0.11
10406,Project: Horned Owl,1995,Sony Computer Entertainment,0.11
10409,SingStar Guitar,2010,Sony Computer Entertainment,0.11
10450,Fatal Frame 2: Wii Edition,2012,Nintendo,0.1
10471,Mickey's Speedway USA (weekly JP sales),2000,Nintendo,0.1
10473,Boku no Natsuyasumi Portable: Mushi Mushi Hakase to Teppen-yama no Himitsu!!,2006,Sony Computer Entertainment,0.1
10479,Gretzky NHL,2005,Sony Computer Entertainment,0.1
10484,Ridge Racer 2,2006,Sony Computer Entertainment,0.1
10487,Dropship: United Peace Force,2002,Sony Computer Entertainment,0.1
10504,Doko Demo Issho,2004,Sony Computer Entertainment,0.1
10512,Death By Degrees,2005,Sony Computer Entertainment,0.1
10519,ESA Game Pack,2010,Sony Computer Entertainment,0.1
10579,Project Hacker: Kakusei,2006,Nintendo,0.1
10631,L'Aigle de Guerre,2001,Nintendo,0.1
10661,Ghost in the Shell,1997,Sony Computer Entertainment,0.1
10672,Sneakers,2002,Microsoft Game Studios,0.1
10674,Crime Crackers,1994,Sony Computer Entertainment,0.1
10685,Exhibition Volume 03,2003,Microsoft Game Studios,0.1
10693,Age of Empires II: The Age of Kings,1999,Microsoft Game Studios,0.1
10707,Nihon Keizai Shinbunsha Kanshuu: Shiranai Mamade wa Son o Suru Mono ya Okane no Shikumi DS,2009,Nintendo,0.1
10722,Famicom Mini: Famicom Tantei Club Part II - Ushiro ni Tatsu Shoujo Zenkouhen,2004,Nintendo,0.1
10742,EyeToy: Operation Spy,2005,Sony Computer Entertainment,0.1
10743,Zoo Tycoon (2013),2013,Microsoft Game Studios,0.1
10749,Famicom Mini: Mappy,2004,Nintendo,0.1
10781,EyeCreate,2007,Sony Computer Entertainment,0.1
10784,Touch Mechanic,2008,Nintendo,0.1
10793,Steel Battalion,2002,Microsoft Game Studios,0.1
10816,ReCore,2016,Microsoft Game Studios,0.1
10818,Halo 2,2007,Microsoft Game Studios,0.1
10826,Disney's Aladdin in Nasira's Revenge,2000,Sony Computer Entertainment,0.09
10834,Whacked!,2002,Microsoft Game Studios,0.09
10843,SingStar Apres-Ski Party 2,2010,Sony Computer Entertainment,0.09
10863,Rosco McQueen: Firefighter Extreme,1997,Sony Computer Entertainment,0.09
10864,Terranigma,1995,Nintendo,0.09
10885,Bleach: Heat the Soul,2005,Sony Computer Entertainment,0.09
10908,echochrome,2008,Sony Computer Entertainment,0.09
10917,Ninja Gaiden Black,2005,Microsoft Game Studios,0.09
10920,Bogey: Dead 6,1996,Sony Computer Entertainment,0.09
10925,Brain Age: Concentration Training,2012,Nintendo,0.09
10964,Wild ARMs: Alter Code F,2003,Sony Computer Entertainment,0.09
10969,SingStar: Made In Germany,2009,Sony Computer Entertainment,0.09
10972,Rapid Reload,1995,Sony Computer Entertainment,0.09
10994,Pokemon Rumble World,2015,Nintendo,0.09
11012,Disney Art Academy,2016,Nintendo,0.09
11018,Ghosthunter,2003,Sony Computer Entertainment,0.09
11046,Ratchet & Clank Future: Quest for Booty,2008,Sony Computer Entertainment,0.09
11053,Inazuma Eleven 3,2013,Nintendo,0.09
11060,Porsche Challenge,1997,Sony Computer Entertainment,0.09
11072,Bleach: Heat the Soul 6,2009,Sony Computer Entertainment,0.09
11088,Blood: The Last Vampire (Joukan),2000,Sony Computer Entertainment,0.09
11118,Kurikin: Nano Island Story,2007,Nintendo,0.09
11149,Age of Mythology,2002,Microsoft Game Studios,0.09
11189,Rollcage Stage II,2000,Sony Computer Entertainment,0.09
11193,Tabi no Yubisashi Kaiwachou DS: DS Series 4 America,2006,Nintendo,0.09
11236,Walt Disney's The Jungle Book: Rhythm N'Groove,2000,Sony Computer Entertainment,0.09
11238,Just Dance Wii U,2014,Nintendo,0.09
11265,Beat Sketch!,2010,Sony Computer Entertainment,0.08
11268,Bleach: Heat the Soul 5,2008,Sony Computer Entertainment,0.08
11273,Famicom Mini: Famicom Mukashi Banashi - Shin Oniga Shima Zenkouhen,2004,Nintendo,0.08
11284,Famicom Mini: Mario Bros.,2004,Nintendo,0.08
11357,Blades of Blood: Samurai Shodown III,1995,Sony Computer Entertainment,0.08
11368,Forbidden Siren 2,2006,Sony Computer Entertainment,0.08
11455,Final Fantasy VI,1999,Sony Computer Entertainment,0.08
11511,Famicom Mini: SD Gundam World Gachapon Senshi - Scramble Wars,2004,Nintendo,0.08
11512,NBA 10: The Inside,2009,Sony Computer Entertainment,0.08
11516,Famicom Mini: Star Soldier,2004,Nintendo,0.08
11531,A-Train,1995,Sony Computer Entertainment,0.08
11537,Bleach: Erabareshi Tamashii,2005,Sony Computer Entertainment,0.08
11542,Looney Tunes: Galactic Sports,2015,Sony Computer Entertainment,0.08
11589,Bleach: Heat the Soul 4,2007,Sony Computer Entertainment,0.08
11595,Boku no Natsuyasumi 3: Hokkoku Hen: Chiisana Boku no Dai Sougen​,2007,Sony Computer Entertainment,0.08
11596,Ape Escape: Pumped & Primed,2004,Sony Computer Entertainment,0.08
11615,Bleach: Heat the Soul 7,2010,Sony Computer Entertainment,0.08
11660,Stuart Little 3: Big Photo Adventure,2005,Sony Computer Entertainment,0.08
11693,World Tour Soccer 06,2006,Sony Computer Entertainment,0.08
11700,Minna no Joushiki Ryoku TV,2008,Nintendo,0.08
11702,WipEout HD Fury,2009,Sony Computer Entertainment,0.08
11722,Disaster: Day of Crisis,2008,Nintendo,0.08
11747,Boku no Natsuyasumi Portable 2: Nazo Nazo Shimai to Chinbotsusen no Himitsu,2010,Sony Computer Entertainment,0.07
11761,Famicom Mini: Hikari Shinwa: Palutena no Kagami,2004,Nintendo,0.07
11776,Sky Gunner,2001,Sony Computer Entertainment,0.07
11836,Roll Away,1998,Sony Computer Entertainment,0.07
11839,Maximum Chase,2002,Microsoft Game Studios,0.07
11848,Invizimals: The Alliance,2013,Sony Computer Entertainment,0.07
11874,Exhibition Volume 4,2003,Microsoft Game Studios,0.07
11883,Mega Man Battle Network 5: Double Team DS (US sales),2005,Nintendo,0.07
11903,DS Uranai Seikatsu,2009,Nintendo,0.07
11924,Make 10: A Journey of Numbers,2007,Nintendo,0.07
11925,Itoi Shigesato no Bass Tsuri No. 1 Ketteihan!,2000,Nintendo,0.07
11928,Famicom Mini: Nazo no Murasame-Jou,2004,Nintendo,0.07
11946,Fable: The Lost Chapters,2005,Microsoft Game Studios,0.07
11952,Bleach: Heat the Soul 3,2006,Sony Computer Entertainment,0.07
11974,Microsoft Flight Simulator 2004: A Century of Flight,2003,Microsoft Game Studios,0.07
11992,GunParade Orchestra: Shiro no Shou,2006,Sony Computer Entertainment,0.07
12031,RayStorm,1997,Sony Computer Entertainment,0.07
12056,Xbox Live Arcade Unplugged Volume 1,2006,Microsoft Game Studios,0.07
12071,Famicom Mini: Wrecking Crew,2004,Nintendo,0.07
12080,Motor Toon Grand Prix (Japan),1994,Sony Computer Entertainment,0.07
12089,Lifeline,2003,Sony Computer Entertainment,0.07
12090,Dragon Valor,1999,Sony Computer Entertainment,0.07
12125,Mario Tennis,2010,Nintendo,0.07
12154,Kanji Sonomama DS Rakubiki Jiten,2006,Nintendo,0.07
12179,Age of Empires III: The Asian Dynasties,2007,Microsoft Game Studios,0.07
12180,Destrega,1998,Sony Computer Entertainment,0.07
12194,Sly 2: Band of Thieves,2010,Sony Computer Entertainment,0.07
12208,Bleach: Hanatareshi Yabou,2006,Sony Computer Entertainment,0.07
12213,MotorStorm RC,2012,Sony Computer Entertainment,0.07
12303,Ray Tracers,1997,Sony Computer Entertainment,0.06
12314,Another Code R: A Journey into Lost Memories,2009,Nintendo,0.06
12335,Killer Instinct (2013),2013,Microsoft Game Studios,0.06
12336,Famicom Mini: Balloon Fight,2004,Nintendo,0.06
12341,Ratchet & Clank Collection,2014,Sony Computer Entertainment,0.06
12344,Arc the Lad: End of Darkness,2004,Sony Computer Entertainment,0.06
12359,Osu! Tatakae! Ouendan,2005,Nintendo,0.06
12362,Age of Empires Online,2011,Microsoft Game Studios,0.06
12373,Mega Minis Volume 3,2011,Sony Computer Entertainment,0.06
12375,Mario vs. Donkey Kong: Tipping Stars,2015,Nintendo,0.06
12402,Tecmo Classic Arcade,2005,Microsoft Game Studios,0.06
12428,Devil's Third,2015,Nintendo,0.06
12499,ICO,2011,Sony Computer Entertainment,0.06
12501,Eigo de Tabisuru: Little Charo,2011,Nintendo,0.06
12543,Zoo Tycoon: Complete Collection,2003,Microsoft Game Studios,0.06
12552,Zoo Tycoon 2,2004,Microsoft Game Studios,0.06
12571,Exhibition Volume 5,2004,Microsoft Game Studios,0.06
12586,SingStar Mallorca Party,2009,Sony Computer Entertainment,0.06
12621,Tabi no Yubisashi Kaiwachou DS: DS Series 3 Kankoku,2006,Nintendo,0.06
12647,Syphon Filter: Logan's Shadow,2010,Sony Computer Entertainment,0.06
12687,Minna no Sukkiri,2009,Sony Computer Entertainment,0.06
12721,Bleach: Blade Battlers 2nd,2007,Sony Computer Entertainment,0.06
12727,Tsugunai: Atonement,2001,Sony Computer Entertainment,0.06
12742,Broken Sword II: The Smoking Mirror,1997,Sony Computer Entertainment,0.06
12746,Doki-Doki Universe,2013,Sony Computer Entertainment,0.06
12772,Dance Dance Revolution: Mario Mix (JP sales),2005,Nintendo,0.06
12798,Elemental Gearbolt,1997,Sony Computer Entertainment,0.06
12822,MotoGP 4 - Official Game of MotoGP,2005,Sony Computer Entertainment,0.06
12856,Dual Hearts,2002,Sony Computer Entertainment,0.05
12887,Bleach: Blade Battlers,2006,Sony Computer Entertainment,0.05
12888,Rez,2001,Sony Computer Entertainment,0.05
12956,Culdcept Revolt,2016,Nintendo,0.05
13004,Ferrari F355 Challenge,2002,Sony Computer Entertainment,0.05
13023,Microsoft Flight Simulator X Acceleration Expansion Pack,2007,Microsoft Game Studios,0.05
13024,Trick x Logic: Season 1,2010,Sony Computer Entertainment,0.05
13026,Mawashite Tsunageru Touch Panic,2006,Nintendo,0.05
13078,Tabi no Yubisashi Kaiwachou DS: DS Series 2 Chuugoku,2006,Nintendo,0.05
13086,Lips: Deutsche Partyknaller,2009,Microsoft Game Studios,0.05
13090,Philosoma,1995,Sony Computer Entertainment,0.05
13159,Nike+ Kinect Training,2012,Microsoft Game Studios,0.05
13181,Freelancer,2003,Microsoft Game Studios,0.05
13192,QUIZ PARTY,2012,Nintendo,0.05
13238,Finny the Fish & the Seven Waters,2004,Sony Computer Entertainment,0.05
13265,Fatal Frame II: Crimson Butterfly Director's Cut,2004,Microsoft Game Studios,0.05
13312,Kakuto Chojin,2002,Microsoft Game Studios,0.05
13314,Forza Motorsport 3: Ultimate Edition,2010,Microsoft Game Studios,0.05
13316,Wii de Asobu Chibi-Robo!,2009,Nintendo,0.05
13328,Rain (2013),2013,Sony Computer Entertainment,0.05
13331,Microsoft Train Simulator,2001,Microsoft Game Studios,0.05
13379,B-Boy,2006,Sony Computer Entertainment,0.05
13390,Rimo-Cocoron,2001,Sony Computer Entertainment,0.05
13411,Brave Story: New Traveller (jp sales),2006,Sony Computer Entertainment,0.05
13418,Bleach: Soul Carnival,2008,Sony Computer Entertainment,0.05
13427,Tabi no Yubisashi Kaiwachou DS: DS Series 1 Thai,2006,Nintendo,0.05
13439,Ape Escape,2010,Sony Computer Entertainment,0.05
13493,Sekai no Gohan Shaberu! DS Oryouri Navi,2008,Nintendo,0.04
13509,I.Q. Remix+: Intelligent Qube,2000,Sony Computer Entertainment,0.04
13525,Minna ga Shuyaku no NHK Kouhaku Quiz Kassen,2009,Nintendo,0.04
13534,Doko Demo Issho: Let's Gakkou!,2006,Sony Computer Entertainment,0.04
13619,Hana to Ikimo no Rittai Zukan,2011,Nintendo,0.04
13642,Tabi no Yubisashi Kaiwachou DS: DS Series 5 Deutsch,2006,Nintendo,0.04
13671,WTF: Work Time Fun,2005,Sony Computer Entertainment,0.04
13694,Rise of Nations,2003,Microsoft Game Studios,0.04
13760,Saru! Get You! Pipo Saru Senki,2009,Sony Computer Entertainment,0.04
13761,Infamous: First Light,2014,Sony Computer Entertainment,0.04
13798,Famicom Mini: Clu Clu Land,2004,Nintendo,0.04
13810,Shadow of the Colossus,2011,Sony Computer Entertainment,0.04
13886,Halo: Combat Evolved,2003,Microsoft Game Studios,0.04
13889,Famicom Remix Best Choice,2015,Nintendo,0.04
13895,WRC: FIA World Rally Championship,2005,Sony Computer Entertainment,0.04
13942,Aquanaut's Holiday: Kakusareta Kiroku,2008,Sony Computer Entertainment,0.04
13949,Magical Starsign (JP sales),2006,Nintendo,0.04
13999,Formula 1 06,2006,Sony Computer Entertainment,0.04
14003,Age of Mythology: The Titans,2003,Microsoft Game Studios,0.04
14017,Trick x Logic: Season 2,2010,Sony Computer Entertainment,0.04
14059,Monster Kingdom: Jewel Summoner,2006,Sony Computer Entertainment,0.04
14082,MLB 15: The Show,2015,Sony Computer Entertainment,0.04
14161,Rise of Nations: Rise of Legends,2006,Microsoft Game Studios,0.03
14164,Zoo Tycoon,2001,Microsoft Game Studios,0.03
14165,Gacharoku,2002,Sony Computer Entertainment,0.03
14168,MotoGP,2006,Sony Computer Entertainment,0.03
14194,Electroplankton,2005,Nintendo,0.03
14250,Project Gotham Racing 2 (JP weekly sales),2003,Microsoft Game Studios,0.03
14263,Suujin Taisen,2007,Nintendo,0.03
14304,Metroid Prime: Federation Force,2016,Nintendo,0.03
14305,GunGriffon: Allied Strike,2004,Microsoft Game Studios,0.03
14308,Saru! Get You! SaruSaru Daisakusen,2007,Sony Computer Entertainment,0.03
14326,Tork: Prehistoric Punk,2005,Microsoft Game Studios,0.03
14348,SingStar Chartbreaker,2009,Sony Computer Entertainment,0.03
14352,SingStar Fussballhits,2010,Sony Computer Entertainment,0.03
14379,Eyeshield 21: Field Saikyou no Senshi Tachi,2007,Nintendo,0.03
14443,Eyeshield 21: DevilBats DevilDays,2006,Nintendo,0.03
14481,Minna no Golf Jou Vol.1,2007,Sony Computer Entertainment,0.03
14549,Nippon no Asoko de,2008,Sony Computer Entertainment,0.03
14565,Worms,2009,Sony Computer Entertainment,0.03
14576,NBA 08,2007,Sony Computer Entertainment,0.03
14622,Triple Pack: Xbox Live Arcade Compilation,2011,Microsoft Game Studios,0.03
14629,Calcio Bit,2006,Nintendo,0.03
14632,Hyakumanton no Bara Bara,2010,Sony Computer Entertainment,0.03
14635,1000 Cooking Recipes from ELLE à table,2010,Nintendo,0.03
14659,In Cold Blood,2000,Sony Computer Entertainment,0.03
14660,Mega Minis Volume 2,2011,Sony Computer Entertainment,0.03
14707,The Last Guy,2009,Sony Computer Entertainment,0.03
14747,Bleach: Soul Carnival 2,2009,Sony Computer Entertainment,0.03
14790,Hermie Hopperhead: Scrap Panic,1995,Sony Computer Entertainment,0.03
14828,Age of Empires III: Gold Edition,2007,Microsoft Game Studios,0.03
14839,Dungeon Siege II,2005,Microsoft Game Studios,0.03
14911,Derby Time 2006,2006,Sony Computer Entertainment,0.03
14965,Viva Pinata,2007,Microsoft Game Studios,0.02
14971,Teddy Together,2016,Nintendo,0.02
15014,Peter Pan in Disney's Return to Never Land,2002,Sony Computer Entertainment,0.02
15116,Namco Museum Battle Collection (JP sales),2005,Sony Computer Entertainment,0.02
15144,Invizimals: The Lost Kingdom,2013,Sony Computer Entertainment,0.02
15246,GunParade Orchestra: Midori no Shou,2006,Sony Computer Entertainment,0.02
15317,Aquanaut's Holiday,1995,Sony Computer Entertainment,0.02
15389,TalkMan,2006,Sony Computer Entertainment,0.02
15396,Invizimals: The Resistance,2014,Sony Computer Entertainment,0.02
15417,Worms,2007,Microsoft Game Studios,0.02
15462,Coded Soul: Uke Keigareshi Idea,2008,Sony Computer Entertainment,0.02
15636,Combat Flight Simulator 3: Battle for Europe,2002,Microsoft Game Studios,0.02
15675,NBA 07,2006,Sony Computer Entertainment,0.02
15784,Gears of War,2007,Microsoft Game Studios,0.02
15829,Exhibition Volume 6,2004,Microsoft Game Studios,0.02
15846,Otona no Renai Shousetsu: Harlequin Selection,2010,Nintendo,0.02
15932,Minna to Issho,2011,Sony Computer Entertainment,0.02
15936,Enkaku Sousa: Sana e no 23 Hiai,2009,Sony Computer Entertainment,0.02
15994,Donkey Kong Jungle Beat,2008,Nintendo,0.01
16042,GunParade Orchestra: Ao no Shou,2006,Sony Computer Entertainment,0.01
16043,Impossible Creatures,2002,Microsoft Game Studios,0.01
16056,Banjo-Kazooie,2008,Microsoft Game Studios,0.01
16126,Nintendogs and Cats Golden Retriever and New Friends,2011,Nintendo,0.01
16184,Resistance Dual Pack,2011,Sony Computer Entertainment,0.01
16191,Toro to Morimori,2009,Sony Computer Entertainment,0.01
16272,Slide Adventure: Mag Kid,2007,Nintendo,0.01
16328,RalliSport Challenge(JP sales),2002,Microsoft Game Studios,0.01
16335,The Eye of Judgment: Legends,2010,Sony Computer Entertainment,0.01
16360,Mario vs. Donkey Kong: Tipping Stars,2015,Nintendo,0.01
16406,Ratchet & Clank: Full Frontal Assault,2012,Sony Computer Entertainment,0.01
16459,Art Academy: Home Studio,2015,Nintendo,0.01
16476,Captain Rainbow,2008,Nintendo,0.01
16545,Mario & Luigi: Paper Jam & Mario Kart 7 Double Pack,2015,Nintendo,0.01
16571,XI Coliseum,2006,Sony Computer Entertainment,0.01
